Id,EpisodeId,Index,Reward,State,SubmissionId,InitialConfidence,InitialScore,UpdatedConfidence,UpdatedScore
132759051,58420861,0,1.0,2,41789980,,,200.0,600.0
132759052,58420861,1,4.0,2,41789980,,,200.0,600.0
132765118,58423894,1,5.0,2,41789980,200.0,980.9239005759764,200.0,1040.8575
132765797,58424233,0,5.0,2,41789980,200.0,1040.8575794058215,200.0,1088.025
132760394,58421533,1,5.0,2,41789980,200.0,600.0,200.0,733.9188
132770519,58426595,0,5.0,2,41789980,200.0,1135.1919828435543,200.0,1302.1211
132766470,58424570,0,5.0,2,41789980,200.0,1088.0250008414262,200.0,1135.192
132781322,58431996,1,5.0,2,41789980,200.0,1611.6155567942033,200.0,1658.7797
132776595,58429633,1,5.0,2,41789980,200.0,1413.0950362985543,200.0,1460.2584
132782003,58432334,1,5.0,2,41789980,200.0,1658.7797079576928,200.0,1705.9435
132761743,58422206,0,5.0,2,41789980,200.0,733.9188254310372,200.0,828.54865
132777266,58429968,1,5.0,2,41789980,200.0,1460.2584673091187,200.0,1507.4219
132762418,58422544,1,5.0,2,41789980,200.0,828.548622296581,200.0,902.57404
132783364,58433017,1,5.0,2,41789980,200.0,1705.9435370828162,200.0,1753.1077
132778613,58430642,0,5.0,2,41789980,200.0,1507.4218983196831,200.0,1564.4521
132763772,58423219,1,5.0,2,41789980,200.0,902.574029777961,200.0,980.9239
132790136,58436400,1,5.0,2,41789980,200.0,1800.2717052512153,200.0,1847.4391
132792836,58437751,1,4.0,2,41789980,185.0,2231.335920494332,170.0,2346.3928
132803663,58443167,0,5.0,2,41789980,110.52210551400147,2574.793583541584,106.30686,2588.7383
132790810,58436740,1,5.0,2,41789980,200.0,1847.4390552454315,200.0,2039.3875
132779967,58431320,0,5.0,2,41789980,200.0,1564.4521257836388,200.0,1611.6156
132798921,58440795,1,3.0,2,41789980,129.6504117195126,2509.1002759610287,120.48611,2542.8496
132786069,58434369,1,5.0,2,41789980,200.0,1753.1076433936325,200.0,1800.2717
132775241,58428956,0,5.0,2,41789980,200.0,1302.1210977302092,200.0,1413.0951
132792153,58437412,0,5.0,2,41789980,200.0,2039.3874878698819,185.0,2231.336
132815159,58448914,0,5.0,2,41789980,98.58264730729283,2616.3293894480084,95.542595,2627.3552
132794862,58438766,1,5.0,2,41789980,170.0,2346.392780762828,157.88744,2380.4722
132825996,58454335,0,5.0,2,41789980,83.54368592398004,2673.3684311067436,81.62647,2681.1702
132815835,58449253,0,5.0,2,41789980,95.54259501849766,2627.35534506011,92.727,2637.6467
132815842,58449254,1,5.0,2,41789980,92.72700054205069,2637.6466192875646,90.14143,2647.3208
132827358,58455014,1,5.0,2,41789980,81.62647421040563,2681.170074984323,79.843285,2688.6248
132832792,58457730,1,5.0,2,41789980,75.08858942825275,2709.0575045676046,73.696304,2715.3535
132802314,58442490,1,5.0,2,41789980,120.48610559434164,2542.8497210193696,115.12439,2559.521
132817189,58449932,0,5.0,2,41789980,90.14143665719457,2647.320893480899,87.78492,2656.4873
132796892,58439781,1,4.0,2,41789980,157.88744209040087,2380.472057198072,142.88744,2458.4204
132807716,58445193,1,5.0,2,41789980,106.30686375962615,2588.7383478264114,101.96879,2604.554
132802984,58442828,1,5.0,2,41789980,115.1243887022936,2559.5210916441197,110.5221,2574.7937
132828709,58455687,0,5.0,2,41789980,79.84328310630481,2688.624822692437,78.16105,2695.732
132797564,58440117,1,3.0,2,41789980,142.88744209040087,2458.420408979504,129.6504,2509.1003
132834823,58458749,0,5.0,2,41789980,73.69630054277756,2715.3534659533843,72.36274,2721.3823
132837545,58460107,0,5.0,2,41789980,71.0981664300571,2727.189530260003,69.89687,2732.7908
132819214,58450942,0,5.0,2,41789980,87.7849191887647,2656.4873251138133,85.59985,2665.166
132814488,58448576,1,5.0,2,41789980,101.96878954976083,2604.554076349461,98.58265,2616.3293
132830064,58456367,1,4.0,2,41789980,78.16104708409443,2695.7319356788184,76.57933,2702.5347
132843651,58463161,0,5.0,2,41789980,67.66441467825778,2743.4292101931396,66.62468,2748.4905
132838221,58460447,0,5.0,2,41789980,69.8968755728379,2732.7906915004796,68.7538,2738.1997
132848415,58465542,1,5.0,2,41789980,62.96450665591865,2767.4121044539143,62.122314,2771.781
132848420,58465545,1,4.0,2,41789980,62.122314877905794,2771.7811011796175,61.31274,2776.0317
132830747,58456705,1,5.0,2,41789980,76.57932804065906,2702.534624646028,75.08859,2709.0576
132836188,58459429,1,5.0,2,41789980,72.3627400297739,2721.382290125217,71.09817,2727.1895
132838904,58460788,0,5.0,2,41789980,68.7537986986784,2738.199721378555,67.66441,2743.4292
132825324,58453997,0,5.0,2,41789980,85.59985680890141,2665.166009255809,83.543686,2673.3684
132859968,58471317,1,5.0,2,41789980,58.37282408248116,2791.9987731774177,57.69989,2795.7466
132859971,58471318,0,5.0,2,41789980,57.69989006005613,2795.746582721405,57.048252,2799.4033
132864724,58473696,1,5.0,2,41789980,56.41803767679294,2802.976242161054,55.80811,2806.4695
132870147,58476408,0,5.0,2,41789980,53.04026644222657,2822.8910653886496,52.533955,2825.979
132845015,58463841,0,5.0,2,41789980,66.62467655443152,2748.4905603603997,65.63095,2753.394
132865396,58474035,1,5.0,2,41789980,55.80810833935207,2806.4694181126447,55.217403,2809.8862
132845689,58464180,0,5.0,2,41789980,65.63094973428481,2753.3941302997023,64.67996,2758.1494
132866082,58474375,1,5.0,2,41789980,55.21740209125155,2809.8861945621707,54.644936,2813.2297
132846378,58464525,1,5.0,2,41789980,64.67995971582427,2758.1493572936183,63.84155,2762.918
132856561,58469616,0,5.0,2,41789980,59.067673974630665,2788.1541464454735,58.372826,2791.9988
132866752,58474712,0,5.0,2,41789980,54.64493441130872,2813.229818923169,54.08979,2816.5034
132877615,58480143,0,4.0,2,41789980,50.670504987187584,2837.8346120406727,50.226307,2840.6426
132847062,58464865,1,5.0,2,41789980,63.84154937012228,2762.9179651549684,62.964508,2767.412
132872866,58477768,1,4.0,2,41789980,52.533953657620714,2825.979047312198,52.039738,2829.0007
132878301,58480485,0,5.0,2,41789980,50.226308684231526,2840.6426763866084,49.793526,2843.4011
132878981,58480827,0,5.0,2,41789980,49.793526648126075,2843.4010203728276,49.373344,2846.1172
132868110,58475390,1,5.0,2,41789980,54.08978972315115,2816.503336897694,53.562935,2819.7458
132879658,58481164,1,5.0,2,41789980,49.373343384579144,2846.117258564583,48.990936,2848.8706
132864045,58473356,0,4.0,2,41789980,57.04825036892131,2799.403199458126,56.418037,2802.9763
132892553,58487613,0,5.0,2,41789980,46.39911337311391,2866.496304476957,46.05684,2868.8452
132874898,58478784,1,5.0,2,41789980,51.55912819054571,2831.9649555989454,51.126625,2834.975
132874904,58478785,1,4.0,2,41789980,52.039738357754445,2829.0007246364116,51.559128,2831.9648
132883051,58482860,0,5.0,2,41789980,48.61554007132981,2851.5765484333638,48.22254,2854.1584
132869470,58476068,1,5.0,2,41789980,53.562935130305185,2819.745759558437,53.040268,2822.891
132889158,58485916,0,5.0,2,41789980,47.10584681174696,2861.6847206578655,46.749096,2864.1113
132875582,58479124,1,5.0,2,41789980,51.12662423510656,2834.9750128842993,50.670506,2837.8347
132898679,58490676,0,5.0,2,41789980,45.72199170272753,2871.159311069434,45.414795,2873.5098
132880337,58481505,0,5.0,2,41789980,48.99093490983939,2848.870546599144,48.61554,2851.5767
132883723,58483198,0,5.0,2,41789980,48.22254140112465,2854.158453695772,47.83887,2856.6982
132893921,58488296,0,5.0,2,41789980,46.05683828264969,2868.8452855700048,45.721992,2871.1594
132909549,58496109,1,5.0,2,41789980,44.1761552607122,2882.3479934368806,43.881084,2884.4783
132891201,58486936,0,4.0,2,41789980,46.74909485549134,2864.111300658207,46.399113,2866.4963
132910910,58496790,1,5.0,2,41789980,43.881085404291184,2884.4782196227666,43.591003,2886.5764
132900718,58491695,0,5.0,2,41789980,45.41479512888002,2873.509871304114,45.099937,2875.7832
132886440,58484554,1,5.0,2,41789980,47.46416988329059,2859.197216019569,47.105846,2861.6848
132886445,58484558,0,5.0,2,41789980,47.83887206067327,2856.6982274807915,47.46417,2859.1973
132906838,58494754,1,5.0,2,41789980,44.78629872002769,2878.0050660592005,44.478104,2880.1917
132901395,58492033,0,5.0,2,41789980,45.09993640348758,2875.7833101661518,44.786297,2878.0051
132921128,58501898,1,5.0,2,41789980,42.49614845021201,2894.742931927464,42.232407,2896.7092
132849772,58466221,1,5.0,2,41789980,61.312738640815866,2776.031672316732,60.533737,2780.17
132907510,58495089,1,5.0,2,41789980,44.47810299102909,2880.191700111933,44.176155,2882.348
132912947,58497809,1,4.0,2,41789980,43.59100361611388,2886.5763604492863,43.306576,2888.6465
132913624,58498149,0,5.0,2,41789980,43.30657521906839,2888.646541584374,43.032936,2890.7112
132918398,58500535,0,5.0,2,41789980,43.03293639220402,2890.7110665911364,42.76422,2892.7485
132927252,58504961,1,5.0,2,41789980,40.99889532525697,2906.2533677628985,40.762337,2908.0847
132922495,58502583,0,5.0,2,41789980,42.23240598390573,2896.7093245609794,41.97574,2898.6606
132927931,58505300,1,5.0,2,41789980,40.76233724326817,2908.0846569200808,40.530113,2909.896
132932013,58507342,0,5.0,2,41789980,40.0874583182068,2913.4981017275677,39.865692,2915.2458
132923175,58502923,1,5.0,2,41789980,41.975737486168036,2898.660732369077,41.735676,2900.6338
132923854,58503262,1,5.0,2,41789980,41.735675426046605,2900.6336984618115,41.485703,2902.5295
132936778,58509724,1,5.0,2,41789980,39.432946911365136,2918.683252191206,39.221775,2920.3738
132919761,58501216,0,5.0,2,41789980,42.76422000327044,2892.748634999411,42.496147,2894.743
132924535,58503602,0,4.0,2,41789980,41.4857037334156,2902.529616846205,41.240154,2904.4026
132929965,58506320,0,5.0,2,41789980,40.53011468301309,2909.896027541871,40.301437,2911.685
132934057,58508362,1,5.0,2,41789980,39.86569322082468,2915.2458113272237,39.647556,2916.974
132925892,58504281,1,5.0,2,41789980,41.24015319961255,2904.4026587507365,40.998894,2906.2534
132930650,58506659,1,5.0,2,41789980,40.30143774392956,2911.6849706535845,40.08746,2913.498
132935421,58509046,0,5.0,2,41789980,39.64755528333149,2916.974052279509,39.432945,2918.6833
132966139,58524405,1,5.0,2,41789980,39.221774141884126,2920.3738247657802,39.023876,2922.0886
132966825,58524748,1,5.0,2,41789980,39.02387660694721,2922.0885236044865,38.828465,2923.784
132976398,58529537,0,5.0,2,41789980,38.828464082933685,2923.784041301795,38.627052,2925.424
132851129,58466900,0,5.0,2,41789980,60.53373741491153,2780.1700117612068,59.787415,2784.2126
132992156,58537413,1,5.0,2,41789980,38.2413637538515,2928.6877886319617,38.04861,2930.2769
132998300,58540487,0,5.0,2,41789980,37.671660714736646,2933.4069014055485,37.48776,2934.9507
132979144,58530907,1,5.0,2,41789980,38.62705176156783,2925.4240474657836,38.428455,2927.0457
132993527,58538099,1,5.0,2,41789980,38.04861005221903,2930.2768385190125,37.858734,2931.8499
132980511,58531591,0,5.0,2,41789980,38.428457072513886,2927.0456051803053,38.241364,2928.6877
132852489,58467580,0,5.0,2,41789980,59.78741405836733,2784.2127008888256,59.067673,2788.154
132996938,58539805,1,5.0,2,41789980,37.85873260129974,2931.8497684940876,37.67166,2933.407
133038699,58560684,0,5.0,2,41789980,36.44950997522308,2943.9615369661255,36.28385,2945.4114
133029094,58555883,0,5.0,2,41789980,36.618931579475394,2942.505545104235,36.44951,2943.9614
133007196,58544933,0,5.0,2,41789980,37.306087762720054,2936.477196709153,37.134434,2938.0227
133002401,58542536,0,5.0,2,41789980,37.487757282611554,2934.9506919216255,37.306087,2936.4773
133013348,58548010,1,5.0,2,41789980,37.13443461633665,2938.022783260778,36.957813,2939.5205
133019508,58551087,1,5.0,2,41789980,36.95781389992055,2939.5204068931484,36.783848,2941.0046
133027047,58554858,1,5.0,2,41789980,36.78384828258663,2941.0045461601344,36.61893,2942.5056
133061297,58571985,0,5.0,2,41789980,35.0,2964.4949283885935,35.0,2965.824
133056513,58569591,0,5.0,2,41789980,35.0,2959.165341873714,35.0,2960.5042
133067477,58575074,0,5.0,2,41789980,35.0,2972.4900409533443,35.0,2973.8232
133041437,58562053,0,5.0,2,41789980,36.283851269536044,2945.411293429604,36.120285,2946.8472
133046922,58564798,0,5.0,2,41789980,35.63881898625737,2951.057736742093,35.482548,2952.4363
133053090,58567878,1,5.0,2,41789980,35.026738388219066,2956.505002295128,35.0,2957.8362
133062676,58572674,0,5.0,2,41789980,35.0,2965.824074659589,35.0,2967.1533
133047616,58565143,1,5.0,2,41789980,35.48254613764451,2952.4362298041347,35.328304,2953.8025
133063355,58573014,0,5.0,2,41789980,35.0,2967.153220930584,35.0,2968.4873
133054459,58568564,1,5.0,2,41789980,35.0,2957.836195602719,35.0,2959.1653
133048986,58565827,1,5.0,2,41789980,35.32830542190343,2953.802566364611,35.176987,2955.1619
133064045,58573358,1,5.0,2,41789980,35.0,2968.487422393543,35.0,2969.823
133049667,58566169,0,5.0,2,41789980,35.17698549311198,2955.1618952335084,35.026737,2956.505
133064721,58573699,0,5.0,2,41789980,35.0,2969.8229027932666,35.0,2971.1565
133083935,58583303,0,5.0,2,41789980,35.0,2973.8233537578676,35.0,2975.1526
133065417,58574045,0,5.0,2,41789980,35.0,2971.1565586175298,35.0,2972.49
133058567,58570619,0,5.0,2,41789980,35.0,2960.504051605103,35.0,2961.8367
133042124,58562397,1,4.0,2,41789980,36.12028675771867,2946.8471118298294,35.95764,2948.2634
133059248,58570961,1,5.0,2,41789980,35.0,2961.836635846603,35.0,2963.1658
133096283,58589477,0,5.0,2,41789980,35.0,2979.139938841849,35.0,2980.469
133105875,58594272,1,5.0,2,41789980,35.0,2988.4993171051024,35.0,2989.8284
133096971,58589819,0,5.0,2,41789980,35.0,2980.4690851128444,35.0,2981.8257
133060616,58571643,0,5.0,2,41789980,35.0,2963.165782117598,35.0,2964.4949
133092164,58587417,1,5.0,2,41789980,35.0,2976.4816462998583,35.0,2977.8108
133043491,58563081,1,5.0,2,41789980,35.95764222913923,2948.2634044023566,35.79717,2949.6667
133097657,58590164,1,5.0,2,41789980,35.0,2981.825774333012,35.0,2983.155
133092849,58587759,0,5.0,2,41789980,35.0,2977.8107925708537,35.0,2979.14
133044184,58563427,1,5.0,2,41789980,35.797168904088686,2949.666869473273,35.63882,2951.0576
133102444,58592558,1,5.0,2,41789980,35.0,2984.4840668750026,35.0,2985.8132
133103137,58592904,0,5.0,2,41789980,35.0,2985.813213145998,35.0,2987.1423
133099023,58590847,0,5.0,2,41789980,35.0,2983.154920604007,35.0,2984.4841
133088734,58585703,1,5.0,2,41789980,35.0,2975.152500028863,35.0,2976.4817
133133980,58608325,1,5.0,2,41789980,35.0,2992.5006154298308,35.0,2993.8298
133105192,58593932,0,5.0,2,41789980,35.0,2987.1423594169933,35.0,2988.4993
133125089,58603880,0,5.0,2,41789980,35.0,2989.8284633760977,35.0,2991.1577
133144951,58613811,0,3.0,2,41789980,35.0,2999.15648454143,35.0,3000.4912
133141529,58612101,0,5.0,2,41789980,35.0,2997.8273382704347,35.0,2999.1565
133151119,58616895,0,4.0,2,41789980,35.0,3000.491283370772,35.0,3001.8225
133136042,58609354,1,5.0,2,41789980,35.0,2993.829761700826,35.0,2995.159
133131927,58607299,0,5.0,2,41789980,35.0,2991.157609647093,35.0,2992.5007
133136721,58609695,0,3.0,2,41789980,35.0,2995.1589079718215,35.0,2996.4968
133166988,58624829,1,5.0,2,41789980,35.0,3008.4682633882708,35.0,3009.7974
133138094,58610382,1,4.0,2,41789980,35.0,2996.4969476206784,35.0,2997.8274
133153853,58618262,0,5.0,2,41789980,35.0,3001.822532033294,35.0,3003.1516
133162826,58622749,1,5.0,2,41789980,35.0,3007.1391171172754,35.0,3008.4683
133178744,58630707,1,2.0,2,41789980,35.0,3013.784848472252,35.0,3004.5217
133173894,58628281,1,5.0,2,41789980,35.0,3011.1265559302615,35.0,3012.4558
133155224,58618949,1,4.0,2,41789980,35.0,3003.1516783042894,35.0,3004.4807
133184316,58633493,1,5.0,2,41789980,35.0,3011.167490911497,35.0,3012.4966
133179439,58631055,1,5.0,2,41789980,35.0,3004.5217595565205,35.0,3005.8508
133180135,58631404,0,5.0,2,41789980,35.0,3005.850905827516,35.0,3007.18
133159376,58621023,1,5.0,2,41789980,35.0,3004.4808245752847,35.0,3005.81
133180830,58631751,0,5.0,2,41789980,35.0,3007.180052098511,35.0,3008.5093
133189194,58635932,1,5.0,2,41789980,35.0,3013.825783453488,35.0,3015.155
133170435,58626553,0,5.0,2,41789980,35.0,3009.797409659266,35.0,3011.1265
133160062,58621367,1,5.0,2,41789980,35.0,3005.80997084628,35.0,3007.1392
133181524,58632098,0,5.0,2,41789980,35.0,3008.5091983695065,35.0,3009.8384
133175967,58629319,0,5.0,2,41789980,35.0,3012.455702201257,35.0,3013.785
133182234,58632448,1,5.0,2,41789980,35.0,3009.838344640502,35.0,3011.1675
133190584,58636626,1,5.0,2,41789980,35.0,3015.1549297244833,35.0,3016.4841
133187798,58635234,1,5.0,2,41789980,35.0,3012.4966371824926,35.0,3013.8257
133191279,58636974,0,5.0,2,41789980,35.0,3016.4840759954786,35.0,3017.8132
133196133,58639402,0,5.0,2,41789980,35.0,3019.151742658225,35.0,3020.481
133193354,58638013,1,5.0,2,41789980,35.0,3017.813222266474,35.0,3019.1519
133522497,58802584,0,5.0,2,41862933,200.0,600.0,200.0,701.73895
133523193,58802932,0,5.0,2,41862933,200.0,701.7389521534819,200.0,790.51196
133523896,58803281,0,5.0,2,41862933,200.0,790.5119859724714,200.0,872.51587
133527407,58805040,0,5.0,2,41862933,200.0,1250.139385384436,200.0,1315.7439
133533045,58807859,0,3.0,2,41862933,200.0,1829.2290165455556,200.0,1941.3763
133533052,58807861,1,5.0,2,41863713,200.0,600.0,200.0,698.3975
133524599,58803635,0,5.0,2,41862933,200.0,872.5158692109974,200.0,953.221
133538671,58810671,0,4.0,2,41863713,200.0,1271.4558097304491,200.0,1371.8143
133538682,58810677,1,3.0,2,41862933,137.0002243452223,2217.883555821154,129.51158,2239.7002
133533742,58808206,1,5.0,2,41862933,200.0,1941.376324594989,200.0,1988.5398
133533746,58808210,1,5.0,2,41863713,200.0,698.3975319061171,200.0,802.5626
133520389,58801530,0,2.0,2,41862933,,,200.0,600.0
133520390,58801530,1,3.0,2,41862933,,,200.0,600.0
133539380,58811024,1,3.0,2,41862933,129.51157787841834,2239.700084247916,122.9338,2259.036
133528814,58805742,1,5.0,2,41862933,200.0,1315.7439449705498,200.0,1397.9027
133525304,58803987,1,5.0,2,41862933,200.0,953.2209940744387,200.0,1015.4107
133534446,58808558,1,3.0,2,41862933,200.0,1988.5397556055534,200.0,2035.7032
133544327,58813497,1,5.0,2,41863713,200.0,1889.9559242108428,200.0,1937.1194
133544328,58813498,1,3.0,2,41862933,92.88969359005925,2244.782486768288,90.29116,2254.492
133534453,58808561,0,5.0,2,41863713,200.0,802.5626414504919,200.0,886.71265
133526004,58804337,1,5.0,2,41862933,200.0,1015.410729503875,200.0,1157.6215
133540079,58811375,0,4.0,2,41863713,200.0,1371.8143163021864,200.0,1507.5427
133540083,58811378,0,5.0,2,41862933,122.93380343423996,2259.0358139904088,117.23039,2276.3894
133529517,58806094,0,3.0,2,41862933,200.0,1397.9027015246108,200.0,1526.546
133535150,58808910,1,5.0,2,41863713,200.0,886.7126583450862,200.0,936.5082
133535159,58808915,0,3.0,2,41862933,185.0,2090.06034813012,170.0,2130.3638
133535161,58808916,0,5.0,2,41862933,200.0,2035.7031866161178,185.0,2090.0603
133545033,58813852,0,3.0,2,41862933,90.29116419232203,2254.491863471376,87.89497,2263.6487
133545044,58813857,1,3.0,2,41863713,200.0,1937.1193552214072,200.0,1984.2828
133540790,58811730,1,3.0,2,41863713,200.0,1507.5427462219807,200.0,1594.257
133540796,58811734,1,3.0,2,41862933,117.23039503172177,2276.389303952621,112.22776,2292.1135
133526707,58804688,0,4.0,2,41862933,200.0,1157.6214696165844,200.0,1250.1394
133530219,58806444,1,4.0,2,41862933,200.0,1526.5460258201695,200.0,1589.1146
133555656,58819163,1,3.0,2,41862933,63.87741892093522,2264.9507555867003,62.99893,2269.45
133555658,58819165,1,5.0,2,41863713,97.13863098978334,2331.668135420926,94.20507,2342.3408
133535860,58809263,1,5.0,2,41863713,200.0,936.5081813387013,200.0,1074.3635
133545741,58814206,0,3.0,2,41863713,200.0,1984.2827862319716,200.0,2031.4493
133545744,58814207,1,3.0,2,41862933,87.89497714521069,2263.648626881676,85.67649,2272.311
133541498,58812085,1,2.0,2,41862933,112.22776242018061,2292.113567820895,102.07778,2211.5134
133541500,58812084,1,3.0,2,41863713,200.0,1594.2570142888362,200.0,1670.3815
133530919,58806796,0,5.0,2,41862933,200.0,1589.1146093273032,200.0,1687.9276
133530933,58806802,0,2.0,2,41863713,,,200.0,600.0
133530934,58806802,1,3.0,2,41863713,,,200.0,600.0
133556365,58819516,1,3.0,2,41863713,94.20506913415014,2342.3408163237636,91.500244,2352.3364
133556372,58819522,1,3.0,2,41862933,62.998931491598086,2269.450052504559,62.165718,2273.8503
133561311,58821990,0,3.0,2,41863713,79.05808472223467,2402.108983766198,77.42325,2409.0732
133561320,58821995,1,5.0,2,41862933,57.73849354739366,2297.863621579474,57.092373,2301.545
133546454,58814562,1,4.0,2,41863713,200.0,2031.449391885886,185.0,2078.6128
133546456,58814563,1,5.0,2,41862933,85.67648784329764,2272.3109868023575,83.65199,2280.5862
133546466,58814566,1,3.0,2,41863713,185.0,2078.6128228964503,170.0,2118.9324
133536558,58809614,1,3.0,2,41862933,170.0,2130.3637967333475,156.81409,2164.3376
133536566,58809616,1,5.0,2,41863713,200.0,1074.363538333352,200.0,1121.5332
133542198,58812434,1,5.0,2,41863713,200.0,1670.3815232722654,200.0,1794.5394
133542209,58812436,0,5.0,2,41862933,102.07778197237015,2211.5133621748364,98.68141,2223.3147
133531639,58807154,1,4.0,2,41862933,200.0,1687.9275802624447,200.0,1768.6843
133550000,58816336,0,4.0,2,41863713,129.15225621151617,2227.9507324419455,122.73029,2247.2434
133550003,58816335,1,2.0,2,41862933,76.65432300863428,2309.804880919622,73.05069,2268.506
133562025,58822343,0,3.0,2,41862933,57.092372132837895,2301.5448239080533,56.460724,2305.1235
133557070,58819870,1,4.0,2,41862933,62.165719255641235,2273.850238202308,61.364098,2278.1318
133557071,58819871,0,3.0,2,41863713,91.50024675953507,2352.336471447675,89.025696,2361.769
133537269,58809969,0,5.0,2,41863713,200.0,1121.5332278883645,200.0,1196.0919
133547169,58814918,0,3.0,2,41863713,170.0,2118.9323654439263,156.70387,2152.8855
133547172,58814916,1,3.0,2,41862933,83.65199040601233,2280.5862942101426,81.72761,2288.4087
133537272,58809971,1,5.0,2,41862933,156.81408016830136,2164.33773564885,145.85143,2193.063
133550710,58816691,1,3.0,2,41862933,73.05068878476612,2268.5060008073433,71.75082,2274.427
133550711,58816688,1,5.0,2,41863713,122.73029221072464,2247.2434906348562,117.090034,2264.5654
133542905,58812787,1,3.0,2,41862933,98.68140946819179,2223.314757157357,95.65863,2234.3936
133542910,58812788,1,5.0,2,41863713,200.0,1794.5393746792818,200.0,1842.7925
133557780,58820224,1,3.0,2,41862933,61.36409796639876,2278.1318440946297,60.58318,2282.2773
133557782,58820227,1,4.0,2,41863713,89.02569232582906,2361.7689724096394,86.7506,2370.7017
133547875,58815273,1,4.0,2,41863713,156.7038669565662,2152.8855942766545,145.76134,2181.5693
133547883,58815277,0,3.0,2,41862933,81.72761021606247,2288.408782938523,79.92812,2295.8652
133532336,58807503,1,3.0,2,41862933,200.0,1768.6843127378615,200.0,1829.229
133562726,58822698,1,4.0,2,41863713,77.42325074632586,2409.0731262632753,75.89985,2415.7737
133562734,58822702,1,3.0,2,41862933,56.46072325923664,2305.1234934656745,55.849434,2308.622
133537977,58810322,0,5.0,2,41863713,200.0,1196.0918950641108,200.0,1271.4558
133537980,58810325,1,3.0,2,41862933,145.8514280529866,2193.0629747043613,137.00023,2217.8835
133566275,58824473,1,5.0,2,41863713,70.53787294420852,2439.9691366548177,69.36396,2445.4802
133566280,58824475,1,5.0,2,41862933,53.600969276201724,2321.9255231261936,53.07653,2325.0732
133543615,58813142,1,3.0,2,41862933,95.65862669378876,2234.3936169466415,92.889694,2244.7825
133543618,58813140,1,3.0,2,41863713,200.0,1842.7924932002784,200.0,1889.9559
133551415,58817041,1,3.0,2,41863713,117.0900312369351,2264.565546810541,112.18116,2280.315
133551424,58817044,1,3.0,2,41862933,71.75081709399414,2274.4270031214965,70.5362,2280.1738
133558486,58820578,1,3.0,2,41862933,60.58317955834842,2282.277256735302,59.831085,2286.316
133558496,58820579,1,3.0,2,41863713,86.75060120473047,2370.7016393137537,84.614006,2379.133
133571934,58827302,1,4.0,2,41863713,60.133361566993216,2408.542153858566,59.397552,2412.5198
133571936,58827304,0,5.0,2,41862933,52.07597555781894,2331.1973023293344,51.596905,2334.174
133566984,58824827,1,5.0,2,41862933,53.076531812597096,2325.073184446015,52.567093,2328.1587
133566989,58824828,0,5.0,2,41863713,69.3639628583022,2445.4802458846116,68.246124,2450.8052
133577603,58830138,0,3.0,2,41863713,54.9095125014506,2437.8710385833356,54.346405,2441.1768
133548581,58815627,0,5.0,2,41862933,79.9281234936589,2295.8652810569833,78.240715,2302.988
133548587,58815629,1,3.0,2,41863713,145.76133082224865,2181.5692470069393,136.7786,2206.2974
133552123,58817397,0,4.0,2,41863713,112.18115734873439,2280.314977088971,107.81455,2294.722
133552132,58817398,1,2.0,2,41862933,70.53620024341949,2280.173947354389,67.77242,2245.5012
133563427,58823050,0,3.0,2,41863713,75.89985016309484,2415.773612506119,74.44716,2422.1782
133563435,58823052,0,3.0,2,41862933,55.84943364054676,2308.6220492059174,55.25744,2312.044
133559189,58820930,0,3.0,2,41862933,59.83108500285044,2286.3158046545664,59.106094,2290.253
133559193,58820932,0,4.0,2,41863713,84.6140032853341,2379.13300615321,82.647194,2387.1775
133552828,58817749,1,3.0,2,41862933,67.77242318579576,2245.5011764458927,66.734436,2250.5945
133572641,58827658,0,2.0,2,41862933,51.59690643303602,2334.174170944312,50.453983,2314.747
133572642,58827657,1,3.0,2,41863713,59.39755382994943,2412.519809715469,58.687893,2416.399
133549289,58815980,0,5.0,2,41863713,136.77859405244436,2206.2973207836603,129.15225,2227.9507
133549292,58815986,0,3.0,2,41862933,78.24071465048848,2302.9879340515618,76.65432,2309.805
133567689,58825180,0,3.0,2,41863713,68.24612315646446,2450.8051746496712,67.18006,2455.956
133553535,58818104,0,4.0,2,41863713,107.81455408957238,2294.721858694005,103.90377,2307.9902
133553544,58818105,0,4.0,2,41862933,66.73443401194427,2250.59442918237,65.74934,2255.546
133564142,58823407,1,5.0,2,41862933,55.257437531117034,2312.043974216085,54.686882,2315.402
133564148,58823409,1,5.0,2,41863713,74.4471556944091,2422.17819893343,73.07372,2428.3337
133559903,58821287,0,3.0,2,41862933,59.10609303517016,2290.252813224833,58.414154,2294.1143
133559908,58821289,1,5.0,2,41863713,82.64719605553478,2387.1775766104965,80.79918,2394.8257
133554248,58818459,1,3.0,2,41862933,65.74933349742213,2255.5459369666255,64.79331,2260.3186
133554255,58818460,0,5.0,2,41863713,103.90376959801726,2307.9902326231327,100.33323,2320.2332
133589016,58835843,1,5.0,2,41863713,53.80015680968516,2444.414127433042,53.269947,2447.5857
133573340,58828005,0,5.0,2,41863713,58.687894080450334,2416.398902454029,58.002876,2420.184
133560608,58821637,1,3.0,2,41862933,58.414154704447334,2294.114238681667,57.738495,2297.8635
133560614,58821643,1,3.0,2,41863713,80.79918142759267,2394.8257412099047,79.05808,2402.109
133554950,58818810,1,3.0,2,41862933,64.79331525516123,2260.3187105002794,63.87742,2264.9507
133554951,58818811,0,5.0,2,41863713,100.33323171706184,2320.2331162343403,97.13863,2331.6682
133564852,58823761,1,3.0,2,41863713,73.07372455038244,2428.3337150264256,71.77266,2434.2585
133564859,58823765,0,5.0,2,41862933,54.686881496887764,2315.4022195344182,54.135906,2318.6978
133568400,58825536,1,2.0,2,41863713,67.18005925612515,2455.955947285228,64.7439,2424.0105
133565559,58824115,0,3.0,2,41862933,54.1359066211499,2318.6976781859357,53.600967,2321.9255
133565570,58824120,1,5.0,2,41863713,71.77266022379526,2434.2585468035054,70.53787,2439.9692
133594695,58838683,0,4.0,2,41863713,50.84036242616086,2462.5653386947715,50.39175,2465.3926
133574057,58828364,0,3.0,2,41863713,58.00287727747463,2420.184159754513,57.341118,2423.88
133569106,58825886,1,5.0,2,41863713,64.7438990385549,2424.0105928845223,63.830048,2428.6355
133574755,58828714,0,5.0,2,41863713,57.34111647799911,2423.879979072938,56.70456,2427.5
133595405,58839040,0,3.0,2,41863713,50.39175009009416,2465.392537599816,49.957443,2468.1787
133591138,58836906,0,5.0,2,41863713,53.26994789254824,2447.585603787128,52.755013,2450.6938
133591145,58836909,0,3.0,2,41862933,50.4539851532983,2314.7470704230154,50.01841,2317.5413
133569805,58826238,0,3.0,2,41863713,63.830046665671084,2428.6354239219504,62.960823,2433.1465
133601109,58841891,0,3.0,2,41862933,49.17411513532275,2322.964595051428,48.769844,2325.615
133596115,58839395,0,3.0,2,41863713,49.95744472080802,2468.1787396291566,49.53148,2470.9072
133575476,58829073,1,5.0,2,41863713,56.70455943105168,2427.499963998821,56.08546,2431.0293
133591854,58837262,1,3.0,2,41863713,52.75501118830813,2450.693894492101,52.25797,2453.7524
133601817,58842244,0,3.0,2,41862933,48.76984503304225,2325.615038499886,48.373142,2328.2136
133570515,58826594,0,1.0,2,41863713,62.96082451205817,2433.1464708733415,60.896954,2404.461
133596833,58839752,0,3.0,2,41863713,49.531477705305086,2470.9072125985294,49.11864,2473.5974
133576176,58829423,1,4.0,2,41863713,56.08546168249798,2431.029333972498,55.49036,2434.4937
133571223,58826948,0,4.0,2,41862933,52.56709425856404,2328.1585901906055,52.075977,2331.1973
133571229,58826946,0,5.0,2,41863713,60.89695363077227,2404.4608432649475,60.13336,2408.5422
133597549,58840111,0,3.0,2,41863713,49.11863900799053,2473.5974921231327,48.715805,2476.2422
133597554,58840112,1,3.0,2,41862933,50.01841074445042,2317.541341799159,49.590904,2320.2766
133602529,58842600,0,5.0,2,41863713,48.71580602006467,2476.242194835623,48.320404,2478.835
133592561,58837615,0,3.0,2,41863713,52.25796723637442,2453.752370991238,51.774506,2456.7522
133588305,58835488,0,3.0,2,41863713,54.346404549586545,2441.176861498087,53.800156,2444.414
133576888,58829779,1,4.0,2,41863713,55.490361955652034,2434.49371391164,54.90951,2437.871
133598259,58840464,0,3.0,2,41862933,49.590904574934996,2320.276573357308,49.174114,2322.9646
133593268,58837969,1,3.0,2,41863713,51.774507203476624,2456.752260601571,51.301098,2459.6858
133622478,58852576,1,5.0,2,41862933,46.881156999846446,2338.209553403652,46.529892,2340.6145
133627458,58855064,1,3.0,2,41862933,45.848653493170396,2345.3098701645945,45.51963,2347.6082
133593990,58838330,1,3.0,2,41863713,51.301096910116364,2459.685897991791,50.840363,2462.5654
133633163,58857916,0,3.0,2,41863713,43.48427147519169,2492.403778013126,43.201904,2494.4636
133633169,58857920,0,3.0,2,41862933,43.96917414592092,2358.5970793699194,43.67736,2360.7039
133617480,58850077,1,4.0,2,41862933,47.98796790258001,2330.776974571506,47.6098,2333.2917
133628171,58855420,1,3.0,2,41862933,45.51962967048545,2347.608087100918,45.196228,2349.8677
133638883,58860777,0,3.0,2,41863713,42.654796296329344,2498.510229686374,42.38812,2500.4915
133623906,58853288,1,3.0,2,41862933,46.52989084370224,2340.614522532772,46.18475,2342.977
133633875,58858274,1,3.0,2,41862933,43.67736113929947,2360.703748944677,43.392277,2362.7864
133628884,58855777,1,3.0,2,41862933,45.1962282427125,2349.867794661146,44.880833,2352.1
133628891,58855781,0,3.0,2,41863713,45.14861800306074,2500.423071114326,44.83297,2502.6458
133639605,58861136,1,4.0,2,41863713,42.38811967017672,2500.4914913497514,42.12706,2502.4507
133634589,58858630,0,2.0,2,41862933,43.39227743540244,2362.786481177032,42.696236,2348.7773
133624608,58853641,0,3.0,2,41863713,46.479478830940636,2491.19557818738,46.135445,2493.5527
133604660,58843665,1,3.0,2,41862933,48.373143246165704,2328.2135842060757,47.98797,2330.7769
133629600,58856136,1,5.0,2,41862933,44.88083351239714,2352.100082011096,44.570705,2354.2961
133629606,58856138,1,4.0,2,41863713,44.8329694699024,2502.6456539123274,44.527542,2504.8516
133619619,58851147,0,4.0,2,41862933,47.60979749214917,2333.29177186529,47.242188,2335.7734
133619621,58851146,0,3.0,2,41863713,47.936388995642204,2481.392343993319,47.55942,2483.9016
133635308,58858990,1,3.0,2,41862933,42.69623377697433,2348.7773930461403,42.428787,2350.7625
133625321,58853996,0,3.0,2,41863713,46.1354440591686,2493.552806038342,45.7989,2495.8748
133625329,58854001,0,3.0,2,41862933,46.18474923678206,2342.9769310711085,45.84865,2345.3098
133620333,58851501,1,4.0,2,41863713,47.55942076379985,2483.901666495906,47.191162,2486.371
133620341,58851506,0,3.0,2,41862933,47.24218732677322,2335.7733157135694,46.881157,2338.2095
133641026,58861849,1,3.0,2,41862933,42.42878726172546,2350.762547870967,42.166283,2352.7227
133630317,58856489,1,3.0,2,41862933,44.57070446819913,2354.296066495464,44.266888,2356.4614
133636034,58859353,1,3.0,2,41863713,43.201904851206386,2494.4637203447382,42.92577,2496.5002
133649622,58866144,1,3.0,2,41862933,41.16279752392231,2360.3245632206845,40.92341,2362.1707
133649623,58866148,0,3.0,2,41863713,40.888170882404104,2511.8847200934847,40.65298,2513.7036
133626044,58854357,1,5.0,2,41863713,45.798900899093766,2495.8748353756137,45.470997,2498.1682
133621054,58851861,1,5.0,2,41863713,47.19116300819938,2486.3711635206955,46.831287,2488.802
133641741,58862206,0,5.0,2,41862933,42.166284191557885,2352.722644612077,41.908573,2354.6582
133636739,58859704,0,5.0,2,41863713,42.92576923353558,2496.500181604521,42.654797,2498.5103
133621760,58852216,1,5.0,2,41863713,46.831286422744434,2488.8020735017435,46.479477,2491.1956
133650340,58866504,1,3.0,2,41862933,40.92341030244564,2362.1706345010007,40.68762,2363.9927
133626752,58854710,1,3.0,2,41863713,45.470996133136914,2498.1682480807767,45.148617,2500.423
133654617,58868644,0,4.0,2,41862933,40.45752306588615,2365.801267411587,40.229618,2367.5818
133642461,58862566,0,3.0,2,41862933,41.90857450702159,2354.6583057012263,41.655514,2356.57
133642466,58862567,1,3.0,2,41863713,42.12705841736073,2502.4507996008538,41.870705,2504.3857
133651050,58866860,1,3.0,2,41862933,40.68761645720491,2363.9927389522836,40.457523,2365.8013
133655321,58868996,0,3.0,2,41863713,40.42178626276557,2515.5015197071284,40.19607,2517.286
133631737,58857203,0,4.0,2,41863713,44.527540244315524,2504.8516181350606,44.22573,2507.0173
133655327,58869000,0,3.0,2,41862933,40.22961735911029,2367.581714161587,40.005505,2369.342
133643174,58862922,1,3.0,2,41863713,41.87070321398929,2504.3856258357546,41.61832,2506.294
133632441,58857556,0,0.0,2,41863713,44.22572948647076,2507.0173738793187,43.484272,2492.4038
133632449,58857561,0,5.0,2,41862933,44.26688825030597,2356.461453114141,43.969173,2358.5972
133656050,58869361,1,3.0,2,41863713,40.19607274945097,2517.2860088978564,39.972977,2519.0454
133652470,58867570,1,3.0,2,41863713,40.65297986535628,2513.7036562788026,40.421787,2515.5015
133666800,58874733,1,3.0,2,41862933,38.93836957226133,2377.8555313758006,38.73531,2379.5051
133660339,58871505,1,3.0,2,41863713,39.75308911770023,2520.7830608726927,39.536777,2522.5015
133656761,58869717,0,3.0,2,41863713,39.97297686169052,2519.0454155207817,39.75309,2520.783
133646032,58864351,1,4.0,2,41862933,41.65551443774002,2356.57013072336,41.406967,2358.4587
133646036,58864354,1,5.0,2,41863713,41.6183217436216,2506.293960870076,41.370434,2508.1792
133667518,58875094,1,3.0,2,41863713,38.90912470356504,2527.5490863706436,38.70649,2529.196
133646758,58864714,1,3.0,2,41863713,41.37043209491414,2508.17912169989,41.127476,2510.0442
133658205,58870438,0,3.0,2,41862933,40.00550640447136,2369.3419627226863,39.785088,2371.0825
133616054,58849362,1,3.0,2,41863713,48.32040367867456,2478.8349066054657,47.93639,2481.3923
133661057,58871866,0,3.0,2,41862933,39.568257011725926,2372.8036570081376,39.354923,2374.5059
133661059,58871867,0,3.0,2,41863713,39.53677789013475,2522.5014592091807,39.324356,2524.203
133678267,58880471,0,3.0,2,41863713,38.30991897784706,2532.435766022315,38.116135,2534.0305
133668232,58875452,1,5.0,2,41863713,38.7064903831407,2529.1960951024193,38.50668,2530.8245
133658918,58870791,1,3.0,2,41862933,39.78508628337593,2371.082464764409,39.568256,2372.8037
133668951,58875811,0,3.0,2,41862933,38.73530932729185,2379.5051702051796,38.536137,2381.141
133669673,58876172,0,3.0,2,41862933,38.53613771693385,2381.1410853542557,38.338932,2382.755
133674694,58878682,1,5.0,2,41863713,38.5066783662886,2530.8243902308473,38.309917,2532.4358
133648899,58865785,0,5.0,2,41862933,41.4069661680217,2358.4586975189377,41.162796,2360.3245
133648904,58865787,0,3.0,2,41863713,41.127475565819104,2510.044213062861,40.888172,2511.8848
133675405,58879039,0,3.0,2,41862933,38.33893020581975,2382.7549499611946,38.14471,2384.3523
133663930,58873300,1,5.0,2,41862933,39.35492235068772,2374.505961878337,39.14499,2376.1897
133663933,58873302,0,5.0,2,41863713,39.32435510271871,2524.2029473783373,39.11528,2525.886
133694701,58888687,0,3.0,2,41863713,38.11613543091952,2534.0305694563012,37.925255,2535.6091
133664651,58873662,0,3.0,2,41863713,39.115278728591804,2525.8858942343254,38.909126,2527.549
133664658,58873663,1,3.0,2,41862933,39.14498962845534,2376.18978811875,38.93837,2377.8555
133705457,58894064,0,3.0,2,41862933,37.76609474549529,2387.503858039745,37.580383,2389.0532
133711245,58896958,0,5.0,2,41862933,37.39737306446536,2390.5874362588756,37.217003,2392.1064
133711972,58897322,0,1.0,2,41863713,37.273053488040844,2526.3116524699144,36.82522,2515.8457
133706904,58894788,1,3.0,2,41863713,37.454240034906064,2524.787899559437,37.273052,2526.3118
133701144,58891908,1,5.0,2,41862933,37.95360918877861,2385.9341655890607,37.766094,2387.504
133716289,58899479,1,3.0,2,41863713,36.82521820922465,2515.8458210916806,36.65359,2517.3218
133692565,58887618,0,5.0,2,41862933,38.14470976030565,2384.3521913921045,37.95361,2385.934
133701855,58892264,0,0.0,2,41863713,37.92525361182038,2535.6091369689025,37.45424,2524.7878
133721314,58901993,1,3.0,2,41863713,36.15088183343947,2521.6576834674916,35.988358,2523.079
133717716,58900195,0,3.0,2,41862933,36.86393578319923,2395.100761986135,36.69118,2396.577
133708357,58895515,0,3.0,2,41862933,37.58038167989826,2389.0533134816696,37.397373,2390.5874
133714130,58898401,0,3.0,2,41862933,37.21700401698554,2392.1065260175305,37.03921,2393.6108
133714848,58898760,0,3.0,2,41862933,37.03921181069886,2393.6108737219233,36.863937,2395.1008
133718445,58900556,1,2.0,2,41862933,36.69117962522401,2396.5767844601683,36.26303,2386.4172
133732139,58907408,0,3.0,2,41862933,35.30790619669297,2394.7921416394233,35.155914,2396.145
133727077,58904880,0,5.0,2,41862933,35.61787901272366,2392.0505476800017,35.46188,2393.4275
133719168,58900919,1,4.0,2,41863713,36.65359006292222,2517.3217056401486,36.483692,2518.7805
133737936,58910303,1,3.0,2,41863713,35.12331595261911,2517.501061997824,35.0,2518.8396
133738663,58910667,0,2.0,2,41862933,35.155915748600684,2396.144958002816,35.0,2386.8008
133719883,58901275,0,4.0,2,41863713,36.48369062260089,2518.7804776783755,36.316166,2520.2258
133723477,58903074,0,5.0,2,41862933,36.09846681241109,2387.844884739937,35.936115,2389.2595
133720597,58901635,0,4.0,2,41863713,36.316166831818315,2520.225862951951,36.150883,2521.6577
133720599,58901636,0,3.0,2,41862933,36.26303279098504,2386.4172848601534,36.098465,2387.845
133729247,58905960,0,3.0,2,41862933,35.461879480378826,2393.4274086242863,35.307907,2394.7922
133724198,58903435,1,3.0,2,41862933,35.936114684263366,2389.2594529447124,35.77595,2390.6614
133724920,58903794,0,3.0,2,41863713,35.98835650580432,2523.0791476715794,35.827477,2524.485
133761039,58921855,0,2.0,2,41863713,35.0,2520.169866876749,35.0,2510.9067
133761044,58921857,1,3.0,2,41862933,35.0,2389.459141183118,35.0,2390.7883
133725629,58904155,0,2.0,2,41863713,35.827474636767924,2524.485030556812,35.428425,2514.7886
133757428,58920049,1,5.0,2,41863713,35.0,2518.83966248714,35.0,2520.17
133757434,58920054,0,5.0,2,41862933,35.0,2388.1299949121226,35.0,2389.4592
133761765,58922220,0,3.0,2,41862933,35.0,2390.7882874541133,35.0,2392.1184
133761768,58922221,0,3.0,2,41863713,35.0,2510.9067779610173,35.0,2512.2358
133726355,58904516,1,5.0,2,41863713,35.42842435841013,2514.7886552218893,35.274883,2516.151
133726361,58904518,1,4.0,2,41862933,35.77594954745685,2390.661341870468,35.617878,2392.0505
133748044,58915357,1,3.0,2,41862933,35.0,2386.8008486411272,35.0,2388.13
133762489,58922581,0,3.0,2,41862933,35.0,2392.1182872667246,35.0,2393.4475
133762494,58922582,0,3.0,2,41863713,35.0,2512.2359242320126,35.0,2513.5652
133731414,58907043,0,3.0,2,41863713,35.27488334448782,2516.150794461809,35.123318,2517.501
133783467,58933070,0,3.0,2,41863713,35.0,2513.565070503008,35.0,2514.895
133773334,58928003,1,5.0,2,41862933,35.0,2393.44743353772,35.0,2394.7773
133800781,58941725,1,3.0,2,41863713,35.0,2514.8949375780967,35.0,2516.23
133792856,58937763,1,5.0,2,41862933,35.0,2394.7773337538115,35.0,2396.1064
133816668,58949670,0,5.0,2,41863713,35.0,2517.5612908736443,35.0,2518.892
133811620,58947146,1,5.0,2,41863713,35.0,2516.230063843501,35.0,2517.5613
133817395,58950033,0,5.0,2,41862933,35.0,2397.4375848865434,35.0,2398.7668
133817397,58950034,0,3.0,2,41863713,35.0,2518.8919849490035,35.0,2520.2212
133821733,58952203,1,3.0,2,41863713,35.0,2525.541757698134,35.0,2526.872
133821734,58952202,1,3.0,2,41862933,35.0,2404.08331624152,35.0,2405.4124
133818115,58950393,0,5.0,2,41862933,35.0,2398.7667311575387,35.0,2400.096
133818122,58950396,1,3.0,2,41863713,35.0,2520.221131219999,35.0,2521.5503
133818834,58950752,1,5.0,2,41862933,35.0,2400.095877428534,35.0,2401.425
133818841,58950753,0,3.0,2,41863713,35.0,2521.550277490994,35.0,2522.8809
133822463,58952567,0,5.0,2,41862933,35.0,2405.4124625125155,35.0,2406.7427
133819565,58951118,0,3.0,2,41863713,35.0,2522.880780893114,35.0,2524.2114
133819567,58951119,0,3.0,2,41862933,35.0,2401.4250236995294,35.0,2402.7542
133839802,58961236,1,4.0,2,41862933,35.0,2406.7426460183324,35.0,2408.0718
133823182,58952928,0,3.0,2,41863713,35.0,2526.8720459010333,35.0,2528.2012
133820282,58951478,1,3.0,2,41862933,35.0,2402.754169970525,35.0,2404.0833
133820287,58951480,0,5.0,2,41863713,35.0,2524.2113628808092,35.0,2525.5417
133844865,58963768,0,3.0,2,41863713,35.0,2528.2011921720286,35.0,2529.5303
133854958,58968817,0,3.0,2,41862933,35.0,2408.0717922893277,35.0,2409.401
133867246,58974959,1,3.0,2,41863713,35.0,2529.530338443024,35.0,2530.8594
133872287,58977480,0,4.0,2,41862933,35.0,2409.400938560323,35.0,2410.73
133814507,58948591,0,3.0,2,41862933,35.0,2396.106480024807,35.0,2397.4375
133879500,58981087,0,3.0,2,41863713,35.0,2530.8594847140193,35.0,2532.189
133883838,58983255,1,5.0,2,41862933,35.0,2410.7300848313184,35.0,2412.0593
133904052,58993360,1,3.0,2,41863713,35.0,2537.5056279370015,35.0,2538.8347
133904056,58993363,1,3.0,2,41862933,35.0,2416.047971135914,35.0,2417.3774
133909825,58996248,0,3.0,2,41862933,35.0,2426.681500421714,35.0,2428.0107
133909839,58996249,0,3.0,2,41863713,35.0,2504.440772164495,35.0,2505.77
133894659,58988665,0,3.0,2,41862933,35.0,2412.059231102314,35.0,2413.3887
133899717,58991195,0,3.0,2,41863713,35.0,2533.5181891240154,35.0,2534.8474
133904776,58993724,0,3.0,2,41862933,35.0,2417.3773252592655,35.0,2418.7065
133914900,58998785,0,3.0,2,41862933,35.0,2425.3932891319546,35.0,2426.7224
133914911,58998792,0,4.0,2,41863713,35.0,2503.152560874735,35.0,2504.4817
133910552,58996611,1,3.0,2,41862933,35.0,2428.0106466927095,35.0,2429.3398
133910563,58996616,0,3.0,2,41863713,35.0,2505.76991843549,35.0,2507.099
133915640,58999155,1,5.0,2,41863713,35.0,2504.4817071457305,35.0,2505.8108
133905492,58994081,1,1.0,2,41863713,35.0,2538.834835285431,35.0,2529.5718
133905501,58994086,0,4.0,2,41862933,35.0,2418.706471530261,35.0,2420.0356
133911283,58996976,1,3.0,2,41863713,35.0,2507.0990647064855,35.0,2508.4282
133911289,58996979,1,3.0,2,41862933,35.0,2429.339792963705,35.0,2430.669
133901875,58992273,0,3.0,2,41862933,35.0,2413.3886972131545,35.0,2414.7188
133916364,58999518,1,3.0,2,41863713,35.0,2505.810853416726,35.0,2507.14
133916365,58999517,1,4.0,2,41862933,35.0,2426.72243540295,35.0,2428.0515
133906215,58994446,0,5.0,2,41862933,35.0,2420.035617801256,35.0,2421.365
133906217,58994444,0,1.0,2,41863713,35.0,2529.571746369699,35.0,2520.3086
133912006,58997340,0,1.0,2,41862933,35.0,2430.6689392347002,35.0,2421.4058
133912008,58997338,0,3.0,2,41863713,35.0,2508.428210977481,35.0,2509.7573
133891776,58987224,0,3.0,2,41863713,35.0,2532.18904285302,35.0,2533.5183
133917088,58999879,1,5.0,2,41863713,35.0,2507.1399996877212,35.0,2508.4692
133917090,58999880,1,3.0,2,41862933,35.0,2428.0515816739453,35.0,2429.3806
133902602,58992636,1,5.0,2,41863713,35.0,2534.8473353950108,35.0,2536.1765
133906941,58994805,1,4.0,2,41862933,35.0,2421.3648832928893,35.0,2422.694
133906947,58994809,0,5.0,2,41863713,35.0,2520.3086574539675,35.0,2521.6377
133912736,58997703,1,5.0,2,41862933,35.0,2421.4058503189685,35.0,2422.735
133912737,58997704,0,3.0,2,41863713,35.0,2509.757357248476,35.0,2511.0864
133917807,59000242,0,3.0,2,41863713,35.0,2508.4691459587166,35.0,2509.7983
133917811,59000243,0,5.0,2,41862933,35.0,2429.3807279449406,35.0,2430.71
133907660,58995164,1,3.0,2,41862933,35.0,2422.6940295638847,35.0,2424.0232
133907666,58995167,1,2.0,2,41863713,35.0,2521.637803724963,35.0,2512.3748
133903319,58992996,0,5.0,2,41863713,35.0,2536.176481666006,35.0,2537.5056
133903328,58992999,1,4.0,2,41862933,35.0,2414.7188248649186,35.0,2416.0479
133913453,58998062,0,4.0,2,41862933,35.0,2422.734996589964,35.0,2424.0642
133913457,58998065,0,2.0,2,41863713,35.0,2511.0865035194715,35.0,2501.8235
133918534,59000602,1,5.0,2,41863713,35.0,2509.798292229712,35.0,2511.1274
133918535,59000603,1,4.0,2,41862933,35.0,2430.709874215936,35.0,2432.039
133908385,58995528,0,5.0,2,41862933,35.0,2424.02317583488,35.0,2425.3523
133908394,58995529,0,1.0,2,41863713,35.0,2512.374714809231,35.0,2503.1116
133914184,58998429,0,4.0,2,41863713,35.0,2501.82341460374,35.0,2503.1526
133914188,58998428,1,3.0,2,41862933,35.0,2424.0641428609592,35.0,2425.3933
133909107,58995891,0,3.0,2,41863713,35.0,2503.1116258934994,35.0,2504.4407
133909113,58995889,1,3.0,2,41862933,35.0,2425.3523221058754,35.0,2426.6814
133942353,59012516,0,3.0,2,41863713,35.0,2501.8643495849756,35.0,2503.1936
133947420,59015045,1,3.0,2,41863713,35.0,2499.2469920242206,35.0,2500.5762
133947425,59015046,0,3.0,2,41862933,35.0,2441.3432719542666,35.0,2442.6724
133958237,59020454,0,4.0,2,41862933,35.0,2440.102463298969,35.0,2441.4316
133958240,59020456,0,3.0,2,41863713,35.0,2507.309631325909,35.0,2508.6387
133943086,59012878,1,5.0,2,41862933,35.0,2434.697313028922,35.0,2436.0266
133953188,59017929,0,3.0,2,41863713,35.0,2508.551015921188,35.0,2509.8801
133953193,59017930,0,5.0,2,41862933,35.0,2441.3842069355023,35.0,2442.7134
133934405,59008537,0,3.0,2,41862933,35.0,2432.0390204869313,35.0,2433.3682
133948136,59015405,1,3.0,2,41862933,35.0,2442.672418225262,35.0,2444.0015
133953906,59018288,1,3.0,2,41862933,35.0,2442.7133532064977,35.0,2444.0464
133953907,59018289,0,3.0,2,41863713,35.0,2509.8801621921834,35.0,2511.2092
133964025,59023348,0,3.0,2,41862933,35.0,2449.4066605697926,35.0,2450.7358
133964036,59023347,1,5.0,2,41863713,35.0,2507.3687606784297,35.0,2508.698
133948145,59015407,0,3.0,2,41863713,35.0,2500.576138295216,35.0,2501.9053
133943810,59013240,1,4.0,2,41863713,35.0,2503.193495855971,35.0,2504.5227
133958965,59020815,0,3.0,2,41863713,35.0,2508.638777596904,35.0,2509.9692
133958967,59020814,0,3.0,2,41862933,35.0,2441.431609569964,35.0,2442.7607
133954633,59018653,0,5.0,2,41862933,35.0,2444.0463329196873,35.0,2445.3755
133954641,59018656,0,3.0,2,41863713,35.0,2511.209308463179,35.0,2512.5417
133964748,59023708,1,3.0,2,41863713,35.0,2508.697906949425,35.0,2510.027
133964750,59023710,1,5.0,2,41862933,35.0,2450.735806840788,35.0,2452.065
133948870,59015768,1,3.0,2,41862933,35.0,2444.0015644962573,35.0,2445.3308
133939467,59011071,0,5.0,2,41862933,35.0,2433.3681667579267,35.0,2434.6973
133939470,59011070,1,1.0,2,41863713,35.0,2511.1274385007073,35.0,2501.8643
133959696,59021185,1,3.0,2,41862933,35.0,2442.7607558409595,35.0,2444.0898
133959699,59021183,0,2.0,2,41863713,35.0,2509.9691574378166,35.0,2500.7231
133949577,59016126,0,5.0,2,41863713,35.0,2501.9052845662113,35.0,2503.2344
133949589,59016129,0,5.0,2,41862933,35.0,2445.3307107672526,35.0,2446.66
133965469,59024071,0,5.0,2,41863713,35.0,2510.0270532204204,35.0,2511.3562
133944526,59013600,0,3.0,2,41863713,35.0,2504.5226421269663,35.0,2505.8518
133944527,59013599,1,4.0,2,41862933,35.0,2436.026686870285,35.0,2437.3557
133969809,59026238,1,2.0,2,41862933,35.0,2458.71068446676,35.0,2449.4475
133969817,59026243,0,3.0,2,41863713,35.0,2507.4096956596654,35.0,2508.7388
133955351,59019011,0,4.0,2,41862933,35.0,2445.3754791906827,35.0,2446.7046
133955360,59019013,1,3.0,2,41863713,35.0,2512.541821497412,35.0,2513.8708
133945254,59013962,1,4.0,2,41862933,35.0,2437.3558331412805,35.0,2438.685
133945258,59013963,1,2.0,2,41863713,35.0,2505.8517883979616,35.0,2496.5886
133960408,59021539,0,3.0,2,41863713,35.0,2500.723029323453,35.0,2502.0522
133970529,59026601,0,3.0,2,41862933,35.0,2449.4475955510284,35.0,2450.7769
133970536,59026602,1,3.0,2,41863713,35.0,2508.738841930661,35.0,2510.0679
133950302,59016484,0,3.0,2,41863713,35.0,2503.2344308372067,35.0,2504.5635
133950307,59016487,1,5.0,2,41862933,35.0,2446.659857038248,35.0,2447.989
133956071,59019371,1,3.0,2,41863713,35.0,2513.8709677684074,35.0,2515.2002
133956083,59019374,0,3.0,2,41862933,35.0,2446.704625461678,35.0,2448.0364
133971259,59026964,1,3.0,2,41862933,35.0,2450.7767418220237,35.0,2452.106
133971262,59026965,0,3.0,2,41863713,35.0,2510.067988201656,35.0,2511.3972
133945978,59014324,1,5.0,2,41863713,35.0,2496.58869948223,35.0,2497.9177
133945980,59014325,1,3.0,2,41862933,35.0,2438.684979412276,35.0,2440.0142
133966192,59024431,0,3.0,2,41863713,35.0,2511.3561994914157,35.0,2512.6853
133966195,59024433,0,5.0,2,41862933,35.0,2452.0649531117833,35.0,2453.394
133961137,59021903,0,4.0,2,41863713,35.0,2502.0521755944483,35.0,2503.3813
133961142,59021906,1,3.0,2,41862933,35.0,2444.089902111955,35.0,2445.419
133956806,59019737,1,2.0,2,41862933,35.0,2448.036405943705,35.0,2438.7734
133956808,59019738,1,2.0,2,41863713,35.0,2515.2001140394027,35.0,2505.9785
133971988,59027329,1,3.0,2,41862933,35.0,2452.105888093019,35.0,2453.435
133971992,59027330,1,3.0,2,41863713,35.0,2511.3971344726515,35.0,2512.7263
133966932,59024800,1,3.0,2,41863713,35.0,2512.685345762411,35.0,2514.0144
133966936,59024803,1,3.0,2,41862933,35.0,2453.3940993827787,35.0,2454.7231
133946693,59014682,0,3.0,2,41863713,35.0,2497.9178457532253,35.0,2499.247
133946704,59014685,1,5.0,2,41862933,35.0,2440.0141256832712,35.0,2441.3433
133974875,59028773,0,0.0,2,41862933,35.0,2456.093326906005,35.0,2446.8303
133961855,59022264,0,4.0,2,41863713,35.0,2503.3813218654436,35.0,2504.7104
133961870,59022265,1,3.0,2,41862933,35.0,2445.41904838295,35.0,2446.7483
133972707,59027688,0,4.0,2,41862933,35.0,2453.4350343640144,35.0,2454.7642
133957524,59020094,1,3.0,2,41862933,35.0,2438.7733170279735,35.0,2440.1025
133957526,59020095,1,3.0,2,41863713,35.0,2505.978572265783,35.0,2507.3096
133975595,59029133,0,5.0,2,41863713,35.0,2514.055427014642,35.0,2515.3845
133967647,59025159,0,5.0,2,41862933,35.0,2454.723245653774,35.0,2456.0525
133967656,59025163,1,4.0,2,41863713,35.0,2514.0144920334064,35.0,2515.3438
133980640,59031656,1,3.0,2,41862933,35.0,2448.1593842612688,35.0,2449.4885
133968366,59025518,0,5.0,2,41862933,35.0,2456.0523919247694,35.0,2457.3816
133968377,59025520,0,3.0,2,41863713,35.0,2515.343638304402,35.0,2516.6729
133973431,59028051,0,3.0,2,41862933,35.0,2454.76418063501,35.0,2456.0933
133951021,59016846,0,3.0,2,41862933,35.0,2447.9890033092433,35.0,2449.318
133951033,59016850,0,3.0,2,41863713,35.0,2504.563577108202,35.0,2505.8928
133976313,59029494,0,4.0,2,41862933,35.0,2446.8302379902734,35.0,2448.1594
133962583,59022629,0,3.0,2,41863713,35.0,2504.710468136439,35.0,2506.0396
133962588,59022628,1,5.0,2,41862933,35.0,2446.7483250199853,35.0,2448.0774
133969089,59025880,1,4.0,2,41862933,35.0,2457.3815381957647,35.0,2458.7107
133969092,59025882,0,0.0,2,41863713,35.0,2516.672784575397,35.0,2507.4097
133974148,59028410,1,5.0,2,41863713,35.0,2512.726280743647,35.0,2514.0554
133987124,59034900,0,5.0,2,41863713,35.0,2516.713719556633,35.0,2518.043
133987131,59034902,0,5.0,2,41862933,35.0,2449.488530532264,35.0,2450.8176
133963305,59022989,0,4.0,2,41862933,35.0,2448.0774712909806,35.0,2449.4067
133963308,59022988,1,5.0,2,41863713,35.0,2506.0396144074343,35.0,2507.3687
133951744,59017207,0,3.0,2,41862933,35.0,2449.3181495802387,35.0,2450.6472
133951748,59017209,1,3.0,2,41863713,35.0,2505.8927233791974,35.0,2507.222
133997299,59039985,0,3.0,2,41862933,35.0,2453.47596934525,35.0,2454.8052
133992200,59037435,1,3.0,2,41862933,35.0,2452.146823074255,35.0,2453.476
133977754,59030212,1,5.0,2,41863713,35.0,2515.3845732856375,35.0,2516.7136
133952465,59017572,0,3.0,2,41863713,35.0,2507.2218696501927,35.0,2508.551
133952474,59017568,1,1.0,2,41862933,35.0,2450.647295851234,35.0,2441.3843
133988576,59035622,1,5.0,2,41863713,35.0,2518.0428658276282,35.0,2519.372
133992928,59037799,1,5.0,2,41863713,35.0,2520.701158369619,35.0,2522.0303
133998751,59040711,0,0.0,2,41863713,35.0,2523.3594509116097,35.0,2514.0964
133994378,59038524,1,5.0,2,41863713,35.0,2522.0303046406143,35.0,2523.3594
133990017,59036344,0,3.0,2,41862933,35.0,2450.8176768032595,35.0,2452.1467
133990745,59036708,0,5.0,2,41863713,35.0,2519.3720120986236,35.0,2520.7012
134032988,59057830,1,2.0,2,41863713,35.0,2475.7967300244272,35.0,2466.5337
134011125,59046897,0,5.0,2,41862933,35.0,2434.9907264950225,35.0,2436.3198
134011129,59046901,1,3.0,2,41863713,35.0,2494.281972874655,35.0,2495.611
134016960,59049815,1,3.0,2,41863713,35.0,2473.1384374824365,35.0,2474.4675
134006026,59044349,1,4.0,2,41862933,35.0,2457.4634081582362,35.0,2458.7925
134006030,59044350,1,1.0,2,41863713,35.0,2506.1624193511416,35.0,2496.8994
134039547,59061109,0,3.0,2,41863713,35.0,2450.665755819223,35.0,2451.9949
134006761,59044715,1,1.0,2,41862933,35.0,2458.7925544292316,35.0,2449.5295
134006764,59044717,1,4.0,2,41863713,35.0,2496.89933043541,35.0,2498.2285
134011857,59047265,0,3.0,2,41862933,35.0,2436.319872766018,35.0,2437.649
134011861,59047267,0,0.0,2,41863713,35.0,2495.6111191456503,35.0,2486.3481
134001659,59042165,0,3.0,2,41862933,35.0,2454.8051156162455,35.0,2456.1343
134001663,59042167,0,1.0,2,41863713,35.0,2514.096361995878,35.0,2504.8333
134034439,59058558,0,3.0,2,41863713,35.0,2466.5336411086955,35.0,2467.8628
134040276,59061473,1,3.0,2,41863713,35.0,2451.994902090218,35.0,2453.324
134007480,59045075,1,5.0,2,41862933,35.0,2449.5294655135,35.0,2450.8586
134007482,59045078,0,1.0,2,41863713,35.0,2498.228476706405,35.0,2488.9653
134040998,59061836,1,0.0,2,41863713,35.0,2453.3240483612135,35.0,2444.061
134012586,59047627,1,4.0,2,41862933,35.0,2437.649019037013,35.0,2438.9783
134012590,59047630,1,3.0,2,41863713,35.0,2486.3480302299185,35.0,2487.6772
134041731,59062203,0,3.0,2,41863713,35.0,2444.060959445482,35.0,2445.3901
134035169,59058918,1,1.0,2,41863713,35.0,2467.862787379691,35.0,2458.5996
134008212,59045445,0,3.0,2,41863713,35.0,2488.9653877906735,35.0,2490.2944
134008215,59045444,1,0.0,2,41862933,35.0,2450.858611784495,35.0,2441.5955
134013308,59047991,1,3.0,2,41863713,35.0,2487.677176500914,35.0,2489.0063
134013310,59047992,1,5.0,2,41862933,35.0,2438.9781653080086,35.0,2440.3074
134043191,59062932,0,5.0,2,41863713,35.0,2445.390105716477,35.0,2446.7192
134035895,59059279,1,4.0,2,41863713,35.0,2458.599698463959,35.0,2459.929
134008944,59045803,1,3.0,2,41863713,35.0,2490.294534061669,35.0,2491.6238
134008947,59045808,0,3.0,2,41862933,35.0,2441.5955228687635,35.0,2442.9246
134014038,59048355,0,3.0,2,41862933,35.0,2440.307311579004,35.0,2441.6365
134014040,59048356,0,5.0,2,41863713,35.0,2489.0063227719093,35.0,2490.3354
134026444,59054558,1,5.0,2,41862933,35.0,2444.29475039199,35.0,2445.6238
134009674,59046173,1,3.0,2,41863713,35.0,2491.623680332664,35.0,2492.953
134009677,59046174,0,2.0,2,41862933,35.0,2442.924669139759,35.0,2433.6616
134014772,59048721,1,1.0,2,41863713,35.0,2490.3354690429046,35.0,2481.0723
134037359,59060017,0,2.0,2,41863713,35.0,2459.9288447349545,35.0,2450.6658
134004572,59043622,1,5.0,2,41863713,35.0,2504.8332730801462,35.0,2506.1624
134004577,59043623,0,5.0,2,41862933,35.0,2456.134261887241,35.0,2457.4634
134027174,59054923,1,3.0,2,41863713,35.0,2474.467583753432,35.0,2475.7966
134015495,59049087,0,2.0,2,41863713,35.0,2481.072380127173,35.0,2471.8093
134015499,59049082,1,4.0,2,41862933,35.0,2441.6364578499993,35.0,2442.9656
134010403,59046538,0,3.0,2,41863713,35.0,2492.9528266036596,35.0,2494.282
134010404,59046537,0,3.0,2,41862933,35.0,2433.661580224027,35.0,2434.9907
134016225,59049448,0,3.0,2,41863713,35.0,2471.809291211441,35.0,2473.1384
134016229,59049450,0,5.0,2,41862933,35.0,2442.9656041209946,35.0,2444.2947
134063593,59073132,0,4.0,2,41863713,35.0,2446.7192519874725,35.0,2448.0483
134075977,59079322,0,5.0,2,41863713,35.0,2448.048398258468,35.0,2449.3774
134100829,59091749,0,3.0,2,41863713,35.0,2449.377544529463,35.0,2450.7068
134111814,59097242,1,5.0,2,41863713,35.0,2450.7066908004585,35.0,2452.036
134133778,59108224,0,3.0,2,41863713,35.0,2448.1056086990575,35.0,2449.4348
134128653,59105662,0,0.0,2,41863713,35.0,2453.3649833424492,35.0,2444.1177
134134509,59108589,0,3.0,2,41863713,35.0,2449.434754970053,35.0,2450.764
134138883,59110779,0,3.0,2,41863713,35.0,2456.081019839395,35.0,2457.4102
134139615,59111143,0,3.0,2,41863713,35.0,2457.4101661103905,35.0,2458.7393
134140351,59111510,1,4.0,2,41863713,35.0,2458.739312381386,35.0,2460.0684
134135961,59109317,0,3.0,2,41863713,35.0,2450.763901241048,35.0,2452.0933
134141080,59111876,0,1.0,2,41863713,35.0,2460.068458652381,35.0,2450.8054
134141815,59112244,0,3.0,2,41863713,35.0,2450.8053697366495,35.0,2452.1345
134136693,59109683,0,3.0,2,41863713,35.0,2452.0933594475396,35.0,2453.4226
134142542,59112608,0,2.0,2,41863713,35.0,2452.134516007645,35.0,2442.8713
134131589,59107130,0,3.0,2,41863713,35.0,2444.1175775025495,35.0,2445.4468
134144741,59113709,0,1.0,2,41863713,35.0,2445.529719633904,35.0,2436.2666
134137433,59110049,0,5.0,2,41863713,35.0,2453.422505718535,35.0,2454.752
134149862,59116265,1,5.0,2,41863713,35.0,2433.649273157417,35.0,2434.9785
134132321,59107495,0,3.0,2,41863713,35.0,2445.446723773545,35.0,2446.776
134143271,59112971,0,3.0,2,41863713,35.0,2442.871427091913,35.0,2444.2007
134145482,59114073,1,3.0,2,41863713,35.0,2436.266630718172,35.0,2437.5957
134155734,59119202,1,5.0,2,41863713,35.0,2441.6241507833893,35.0,2442.9534
134138153,59110410,0,4.0,2,41863713,35.0,2454.7518735684,35.0,2456.081
134150596,59116631,1,3.0,2,41863713,35.0,2434.9784194284125,35.0,2436.3076
134144022,59113346,1,5.0,2,41863713,35.0,2444.2005733629085,35.0,2445.5298
134146207,59114439,0,3.0,2,41863713,35.0,2437.5957769891675,35.0,2438.9248
134133043,59107858,0,4.0,2,41863713,35.0,2446.77587004454,35.0,2448.1057
134122051,59102362,0,3.0,2,41863713,35.0,2452.035837071454,35.0,2453.365
134151324,59116994,1,3.0,2,41863713,35.0,2436.307565699408,35.0,2437.6367
134146938,59114804,1,1.0,2,41863713,35.0,2438.924923260163,35.0,2429.6619
134157199,59119935,0,3.0,2,41863713,35.0,2442.9532970543846,35.0,2444.2825
134184258,59133465,1,5.0,2,41863713,35.0,2445.6115895963753,35.0,2446.9407
134147676,59115165,1,3.0,2,41863713,35.0,2429.661834344431,35.0,2430.991
134148407,59115537,0,3.0,2,41863713,35.0,2430.9909806154265,35.0,2432.32
134149124,59115899,0,5.0,2,41863713,35.0,2432.320126886422,35.0,2433.6492
134152794,59117732,1,5.0,2,41863713,35.0,2437.636711970403,35.0,2438.9658
134189375,59136021,1,1.0,2,41863713,35.0,2446.9407358673707,35.0,2437.6777
134194496,59138579,1,4.0,2,41863713,35.0,2432.4019968488933,35.0,2433.7312
134195217,59138948,0,5.0,2,41863713,35.0,2433.7311431198887,35.0,2435.0603
134171822,59127248,0,3.0,2,41863713,35.0,2444.28244332538,35.0,2445.6116
134200338,59141505,1,3.0,2,41863713,35.0,2432.442931830129,35.0,2433.772
134205473,59144072,0,0.0,2,41863713,35.0,2431.1547205403695,35.0,2421.8916
134195952,59139313,1,3.0,2,41863713,35.0,2435.060289390884,35.0,2436.3894
134153525,59118098,0,3.0,2,41863713,35.0,2438.9658582413986,35.0,2440.295
134222318,59152495,1,5.0,2,41863713,35.0,2416.6978514843636,35.0,2418.027
134211322,59146997,0,3.0,2,41863713,35.0,2420.603420334878,35.0,2421.9326
134196692,59139680,1,4.0,2,41863713,35.0,2436.3894356618794,35.0,2437.7185
134201078,59141872,1,4.0,2,41863713,35.0,2433.7720781011244,35.0,2435.1013
134223047,59152859,0,3.0,2,41863713,35.0,2418.026997755359,35.0,2419.3562
134217184,59149927,1,3.0,2,41863713,35.0,2408.7229738583915,35.0,2410.052
134206209,59144438,0,3.0,2,41863713,35.0,2421.8916316246377,35.0,2423.2207
134191568,59137118,1,3.0,2,41863713,35.0,2437.677646951639,35.0,2439.0068
134154262,59118466,1,5.0,2,41863713,35.0,2440.295004512394,35.0,2441.6243
134223775,59153221,0,5.0,2,41863713,35.0,2419.3561440263543,35.0,2420.6853
134201807,59142240,0,5.0,2,41863713,35.0,2435.1012243721198,35.0,2436.4304
134197408,59140040,1,5.0,2,41863713,35.0,2437.7185819328747,35.0,2439.0476
134217916,59150293,1,3.0,2,41863713,35.0,2410.052120129387,35.0,2411.3813
134192296,59137484,1,3.0,2,41863713,35.0,2439.0067932226343,35.0,2440.336
134224511,59153591,0,5.0,2,41863713,35.0,2420.6852902973496,35.0,2422.0144
134206941,59144804,0,4.0,2,41863713,35.0,2423.220777895633,35.0,2424.5498
134212787,59147729,0,4.0,2,41863713,35.0,2421.9325666058735,35.0,2423.2617
134202528,59142599,1,3.0,2,41863713,35.0,2436.430370643115,35.0,2437.7595
134198149,59140410,0,1.0,2,41863713,35.0,2439.04772820387,35.0,2429.7847
134193031,59137849,1,1.0,2,41863713,35.0,2440.3359394936297,35.0,2431.0728
134203270,59142970,1,2.0,2,41863713,35.0,2437.7595169141105,35.0,2428.4963
134213517,59148093,1,5.0,2,41863713,35.0,2423.261712876869,35.0,2424.5908
134207664,59145169,0,3.0,2,41863713,35.0,2424.5499241666284,35.0,2425.8792
134219379,59151026,0,5.0,2,41863713,35.0,2411.381266400382,35.0,2412.7104
134225238,59153954,0,5.0,2,41863713,35.0,2422.014436568345,35.0,2423.3435
134193755,59138210,0,3.0,2,41863713,35.0,2431.072850577898,35.0,2432.402
134198883,59140774,0,4.0,2,41863713,35.0,2429.7846392881384,35.0,2431.1138
134208390,59145530,1,3.0,2,41863713,35.0,2425.879070437624,35.0,2427.2083
134214251,59148459,1,0.0,2,41863713,35.0,2424.590859147864,35.0,2415.328
134220104,59151388,0,4.0,2,41863713,35.0,2412.7104126713775,35.0,2414.0396
134228164,59155418,1,2.0,2,41863713,35.0,2427.3310216523264,35.0,2418.0679
134199601,59141136,1,5.0,2,41863713,35.0,2431.1137855591337,35.0,2432.4429
134225974,59154322,1,3.0,2,41863713,35.0,2423.3435828393403,35.0,2424.6726
134214987,59148825,1,2.0,2,41863713,35.0,2415.3277702321325,35.0,2406.0647
134220840,59151755,1,3.0,2,41863713,35.0,2414.039558942373,35.0,2415.3687
134226700,59154688,0,5.0,2,41863713,35.0,2424.6727291103357,35.0,2426.002
134239898,59161284,1,2.0,2,41863713,35.0,2422.0553715495807,35.0,2412.7922
134215720,59149197,1,3.0,2,41863713,35.0,2406.0646813164008,35.0,2407.3938
134204001,59143337,0,4.0,2,41863713,35.0,2428.4964279983787,35.0,2429.8257
134221574,59152123,0,3.0,2,41863713,35.0,2415.3687052133682,35.0,2416.6978
134227433,59155052,0,3.0,2,41863713,35.0,2426.001875381331,35.0,2427.331
134216443,59149558,0,3.0,2,41863713,35.0,2407.393827587396,35.0,2408.723
134209129,59145900,0,3.0,2,41863713,35.0,2427.208216708619,35.0,2428.5374
134204738,59143704,1,3.0,2,41863713,35.0,2429.825574269374,35.0,2431.1548
134250183,59166428,0,2.0,2,41863713,35.0,2398.8939904714935,35.0,2389.6309
134245043,59163857,0,5.0,2,41863713,35.0,2414.1214289048444,35.0,2415.4507
134245783,59164226,0,2.0,2,41863713,35.0,2415.4505751758397,35.0,2406.1875
134209862,59146267,1,2.0,2,41863713,35.0,2428.5373629796145,35.0,2419.2742
134241361,59162017,0,5.0,2,41863713,35.0,2412.792282633849,35.0,2414.1213
134236241,59159456,0,4.0,2,41863713,35.0,2420.7262252785854,35.0,2422.0554
134231110,59156889,1,5.0,2,41863713,35.0,2418.0679327365947,35.0,2419.397
134246514,59164592,1,1.0,2,41863713,35.0,2406.187486260108,35.0,2397.565
134210587,59146630,0,4.0,2,41863713,35.0,2419.274274063883,35.0,2420.6035
134247985,59165328,0,5.0,2,41863713,35.0,2397.564844200498,35.0,2398.894
134232573,59157622,0,3.0,2,41863713,35.0,2419.39707900759,35.0,2420.7263
134288958,59185814,1,5.0,2,41863713,35.0,2396.2766329107385,35.0,2397.6057
134279445,59181057,0,3.0,2,41863713,35.0,2392.2891940977524,35.0,2393.6184
134269942,59176306,1,5.0,2,41863713,35.0,2390.960047826757,35.0,2392.2893
134294092,59188380,1,3.0,2,41863713,35.0,2404.2515105367106,35.0,2405.5806
134254580,59168627,1,5.0,2,41863713,35.0,2389.6309015557617,35.0,2390.96
134290425,59186546,1,5.0,2,41863713,35.0,2397.605779181734,35.0,2398.9348
134299209,59190942,0,3.0,2,41863713,35.0,2412.2263881626827,35.0,2413.5554
134305062,59193865,1,3.0,2,41863713,35.0,2410.938176872923,35.0,2412.2673
134291149,59186913,0,3.0,2,41863713,35.0,2398.934925452729,35.0,2400.2642
134299935,59191303,0,3.0,2,41863713,35.0,2413.555534433678,35.0,2414.8848
134305794,59194232,0,3.0,2,41863713,35.0,2413.5976223276825,35.0,2414.9277
134295552,59189113,0,5.0,2,41863713,35.0,2405.580656807706,35.0,2406.91
134300664,59191670,1,3.0,2,41863713,35.0,2414.8846807046734,35.0,2416.2139
134291897,59187284,0,5.0,2,41863713,35.0,2400.2640717237246,35.0,2401.5933
134312390,59197530,1,1.0,2,41863713,35.0,2412.310459056921,35.0,2403.0474
134306520,59194595,1,3.0,2,41863713,35.0,2414.927816617676,35.0,2416.257
134296278,59189474,0,4.0,2,41863713,35.0,2406.9098030787013,35.0,2408.239
134301395,59192034,0,3.0,2,41863713,35.0,2416.213826975669,35.0,2417.543
134292631,59187652,0,5.0,2,41863713,35.0,2401.59321799472,35.0,2402.9224
134286753,59184712,0,4.0,2,41863713,35.0,2393.618340368748,35.0,2394.9475
134297017,59189845,1,3.0,2,41863713,35.0,2408.2389493496967,35.0,2409.568
134307268,59194969,1,3.0,2,41863713,35.0,2416.2569628886713,35.0,2417.5862
134313123,59197898,0,3.0,2,41863713,35.0,2403.0473701411893,35.0,2404.3765
134293358,59188014,1,3.0,2,41863713,35.0,2402.9223642657153,35.0,2404.2515
134302143,59192403,0,3.0,2,41863713,35.0,2417.542973246664,35.0,2418.872
134321186,59201929,1,4.0,2,41863713,35.0,2397.7717200384436,35.0,2399.1008
134297741,59190208,0,5.0,2,41863713,35.0,2409.568095620692,35.0,2410.8972
134307994,59195333,1,5.0,2,41863713,35.0,2417.5861091596666,35.0,2418.9153
134288225,59185447,1,3.0,2,41863713,35.0,2394.947486639743,35.0,2396.2766
134302870,59192769,1,1.0,2,41863713,35.0,2418.8721195176595,35.0,2409.6091
134332182,59207428,0,3.0,2,41863713,35.0,2380.6156234592113,35.0,2381.9448
134321924,59202297,1,5.0,2,41863713,35.0,2399.100866309439,35.0,2400.43
134308722,59195696,1,5.0,2,41863713,35.0,2418.915255430662,35.0,2420.2444
134298476,59190574,1,5.0,2,41863713,35.0,2410.8972418916874,35.0,2412.2263
134315328,59199000,1,1.0,2,41863713,35.0,2404.3765164121846,35.0,2395.1135
134327043,59204858,0,2.0,2,41863713,35.0,2393.8252162066933,35.0,2384.562
134332919,59207796,0,0.0,2,41863713,35.0,2381.9447697302066,35.0,2372.6816
134338087,59210378,0,3.0,2,41863713,35.0,2366.076884440734,35.0,2367.406
134303608,59193139,1,5.0,2,41863713,35.0,2409.6090306019278,35.0,2410.9382
134309461,59196067,0,2.0,2,41863713,35.0,2420.2444017016574,35.0,2410.9812
134327783,59205227,0,3.0,2,41863713,35.0,2384.5621272909616,35.0,2385.8914
134338824,59210748,1,3.0,2,41863713,35.0,2367.4060307117293,35.0,2368.735
134318994,59200832,1,3.0,2,41863713,35.0,2395.113427496453,35.0,2396.4426
134333660,59208167,1,4.0,2,41863713,35.0,2372.681680814475,35.0,2374.0107
134304337,59193503,1,3.0,2,41863713,35.0,2412.2673231439185,35.0,2413.5977
134323388,59203029,1,1.0,2,41863713,35.0,2400.4300125804343,35.0,2391.167
134339564,59211117,1,5.0,2,41863713,35.0,2368.7351769827246,35.0,2370.0642
134310193,59196433,0,3.0,2,41863713,35.0,2410.9813127859256,35.0,2412.3105
134328506,59205588,1,3.0,2,41863713,35.0,2385.891273561957,35.0,2387.2205
134344000,59213336,0,3.0,2,41863713,35.0,2363.459526879979,35.0,2364.7886
134334397,59208535,0,2.0,2,41863713,35.0,2374.0108270854703,35.0,2364.7478
134352859,59217765,0,1.0,2,41863713,35.0,2356.8956654874737,35.0,2347.6326
134348434,59215551,1,3.0,2,41863713,35.0,2359.5130230482287,35.0,2360.8423
134320456,59201563,1,5.0,2,41863713,35.0,2396.4425737674483,35.0,2397.7717
134353594,59218134,0,0.0,2,41863713,35.0,2347.632576571742,35.0,2338.3694
134349173,59215916,0,3.0,2,41863713,35.0,2360.842169319224,35.0,2362.1714
134354336,59218502,0,3.0,2,41863713,35.0,2338.3694876560103,35.0,2339.6987
134358764,59220717,1,3.0,2,41863713,35.0,2335.7521300952553,35.0,2337.0813
134345475,59214074,0,3.0,2,41863713,35.0,2364.7886731509743,35.0,2366.118
134329968,59206318,1,3.0,2,41863713,35.0,2387.2204198329523,35.0,2388.5496
134325579,59204125,0,4.0,2,41863713,35.0,2391.1669236647026,35.0,2392.496
134349904,59216288,0,3.0,2,41863713,35.0,2362.1713155902194,35.0,2363.5005
134340304,59211487,1,0.0,2,41863713,35.0,2370.06432325372,35.0,2360.8013
134330700,59206687,0,1.0,2,41863713,35.0,2388.5495661039477,35.0,2379.2864
134336607,59209641,0,3.0,2,41863713,35.0,2364.7477381697386,35.0,2366.077
134350643,59216658,0,3.0,2,41863713,35.0,2363.5004618612147,35.0,2364.8296
134326307,59204489,0,3.0,2,41863713,35.0,2392.496069935698,35.0,2393.8252
134346206,59214438,1,3.0,2,41863713,35.0,2366.1178194219697,35.0,2367.447
134355078,59218872,1,3.0,2,41863713,35.0,2339.6986339270056,35.0,2341.0278
134363934,59223304,0,3.0,2,41863713,35.0,2333.1347725345004,35.0,2334.4639
134360236,59221453,0,1.0,2,41863713,35.0,2337.0812763662507,35.0,2327.818
134331437,59207057,1,5.0,2,41863713,35.0,2379.286477188216,35.0,2380.6157
134351381,59217029,0,1.0,2,41863713,35.0,2364.82960813221,35.0,2355.5664
134346950,59214808,0,1.0,2,41863713,35.0,2367.446965692965,35.0,2358.1838
134364670,59223671,0,3.0,2,41863713,35.0,2334.4639188054957,35.0,2335.793
134360985,59221828,0,3.0,2,41863713,35.0,2327.818187450519,35.0,2329.1472
134347700,59215182,1,4.0,2,41863713,35.0,2358.1838767772333,35.0,2359.513
134352116,59217394,0,5.0,2,41863713,35.0,2355.5665192164784,35.0,2356.8958
134369841,59226255,0,3.0,2,41863713,35.0,2330.7183565611117,35.0,2332.0476
134341781,59212225,0,3.0,2,41863713,35.0,2360.8012343379883,35.0,2362.1304
134361713,59222194,0,3.0,2,41863713,35.0,2329.1473337215143,35.0,2330.4766
134386093,59234384,0,3.0,2,41863713,35.0,2320.553133211478,35.0,2321.8823
134355816,59219243,1,3.0,2,41863713,35.0,2341.027780198001,35.0,2342.357
134370579,59226621,0,3.0,2,41863713,35.0,2332.047502832107,35.0,2333.3767
134362456,59222563,1,3.0,2,41863713,35.0,2330.4764799925097,35.0,2331.8057
134375748,59229207,1,5.0,2,41863713,35.0,2328.1009990003568,35.0,2329.4302
134386841,59234754,0,4.0,2,41863713,35.0,2321.882279482473,35.0,2323.2185
134381657,59232165,0,3.0,2,41863713,35.0,2324.499637043228,35.0,2325.8289
134366869,59224777,1,1.0,2,41863713,35.0,2335.793065076491,35.0,2326.53
134371312,59226993,0,4.0,2,41863713,35.0,2333.3766491031024,35.0,2334.7058
134342527,59212598,0,3.0,2,41863713,35.0,2362.1303806089836,35.0,2363.4595
134382408,59232536,1,3.0,2,41863713,35.0,2325.8287833142235,35.0,2327.158
134363201,59222935,1,3.0,2,41863713,35.0,2331.805626263505,35.0,2333.1348
134387573,59235122,0,0.0,2,41863713,35.0,2323.218451300605,35.0,2313.9553
134367617,59225141,0,5.0,2,41863713,35.0,2326.5299761607594,35.0,2327.9673
134372063,59227367,0,0.0,2,41863713,35.0,2334.7057953740978,35.0,2325.4426
134377236,59229953,1,3.0,2,41863713,35.0,2329.430145271352,35.0,2330.7593
134356558,59219611,1,3.0,2,41863713,35.0,2342.3569264689963,35.0,2343.686
134388325,59235496,0,3.0,2,41863713,35.0,2313.9553623848733,35.0,2315.2844
134368359,59225514,0,3.0,2,41863713,35.0,2327.9672800747367,35.0,2329.3892
134383135,59232903,1,0.0,2,41863713,35.0,2327.157929585219,35.0,2317.8948
134392017,59237345,0,3.0,2,41863713,35.0,2317.9428011978594,35.0,2319.272
134377979,59230325,0,3.0,2,41863713,35.0,2330.7592915423475,35.0,2332.0884
134369103,59225887,0,5.0,2,41863713,35.0,2329.3892102901164,35.0,2330.7183
134389065,59235867,0,3.0,2,41863713,35.0,2315.2845086558686,35.0,2316.6138
134357291,59219979,0,1.0,2,41863713,35.0,2343.6860727399917,35.0,2334.423
134383865,59233268,0,3.0,2,41863713,35.0,2317.894840669487,35.0,2319.2239
134392761,59237716,0,3.0,2,41863713,35.0,2319.2719474688547,35.0,2320.601
134397189,59239930,0,1.0,2,41863713,35.0,2315.3254436371044,35.0,2306.0623
134378711,59230693,0,3.0,2,41863713,35.0,2332.088437813343,35.0,2333.4175
134389801,59236236,0,3.0,2,41863713,35.0,2316.613654926864,35.0,2317.9429
134373531,59228101,0,3.0,2,41863713,35.0,2325.442706458366,35.0,2326.772
134358022,59220346,1,3.0,2,41863713,35.0,2334.42298382426,35.0,2335.7522
134384613,59233642,0,3.0,2,41863713,35.0,2319.2239869404825,35.0,2320.5532
134393495,59238083,0,2.0,2,41863713,35.0,2320.60109373985,35.0,2311.338
134379456,59231062,1,1.0,2,41863713,35.0,2333.417584084338,35.0,2324.4998
134374271,59228471,0,3.0,2,41863713,35.0,2326.7718527293614,35.0,2328.101
134413455,59248058,1,3.0,2,41863713,35.0,2289.0061408708316,35.0,2290.3352
134408269,59245471,0,5.0,2,41863713,35.0,2291.622380944162,35.0,2292.9514
134398659,59240666,0,3.0,2,41863713,35.0,2306.0623547213727,35.0,2307.3916
134419396,59251033,1,0.0,2,41863713,35.0,2278.4649242042055,35.0,2269.202
134403101,59242884,0,5.0,2,41863713,35.0,2314.0385641230882,35.0,2315.4243
134394971,59238821,0,3.0,2,41863713,35.0,2311.3380048241183,35.0,2312.6672
134414200,59248433,1,5.0,2,41863713,35.0,2290.335287141827,35.0,2291.6646
134399407,59241038,0,3.0,2,41863713,35.0,2307.391500992368,35.0,2308.7207
134420137,59251405,0,5.0,2,41863713,35.0,2269.201835288474,35.0,2270.531
134409009,59245840,1,3.0,2,41863713,35.0,2292.9515272151575,35.0,2294.2817
134431229,59256951,0,5.0,2,41863713,35.0,2266.584477727719,35.0,2267.9138
134426048,59254361,0,4.0,2,41863713,35.0,2262.597038914733,35.0,2263.9263
134414930,59248802,0,3.0,2,41863713,35.0,2291.6644334128223,35.0,2292.9937
134395712,59239192,1,3.0,2,41863713,35.0,2312.6671510951137,35.0,2313.9963
134400137,59241404,0,3.0,2,41863713,35.0,2308.7206472633634,35.0,2310.0498
134403846,59243254,1,0.0,2,41863713,35.0,2315.4242088783712,35.0,2306.1611
134396449,59239559,0,3.0,2,41863713,35.0,2313.996297366109,35.0,2315.3254
134426785,59254729,0,3.0,2,41863713,35.0,2263.926185185728,35.0,2265.2554
134415667,59249168,1,3.0,2,41863713,35.0,2292.9935796838176,35.0,2294.3228
134400876,59241774,1,5.0,2,41863713,35.0,2310.0497935343587,35.0,2311.3804
134432709,59257692,0,5.0,2,41863713,35.0,2267.9137461180985,35.0,2269.243
134409759,59246214,1,4.0,2,41863713,35.0,2294.2817909735772,35.0,2295.6108
134416418,59249540,1,3.0,2,41863713,35.0,2294.322725954813,35.0,2295.6619
134436403,59259537,0,3.0,2,41863713,35.0,2270.572038660089,35.0,2271.9011
134401615,59242143,0,4.0,2,41863713,35.0,2311.3802715810975,35.0,2312.7095
134410490,59246581,0,2.0,2,41863713,35.0,2295.6109372445726,35.0,2286.348
134417153,59249912,0,3.0,2,41863713,35.0,2295.6619557646736,35.0,2296.9912
134423091,59252882,0,5.0,2,41863713,35.0,2270.530981559469,35.0,2271.86
134434190,59258430,1,3.0,2,41863713,35.0,2269.242892389094,35.0,2270.572
134411241,59246956,0,4.0,2,41863713,35.0,2286.347848328841,35.0,2287.677
134402360,59242515,1,3.0,2,41863713,35.0,2312.709417852093,35.0,2314.0386
134437872,59260274,0,3.0,2,41863713,35.0,2271.9011849310846,35.0,2273.2302
134417900,59250287,0,2.0,2,41863713,35.0,2296.991102035669,35.0,2287.728
134441580,59262126,1,3.0,2,41863713,35.0,2278.5469162860613,35.0,2279.876
134438609,59260644,0,3.0,2,41863713,35.0,2273.23033120208,35.0,2274.5596
134418656,59250663,1,1.0,2,41863713,35.0,2287.7280131199373,35.0,2278.4648
134429747,59256209,0,3.0,2,41863713,35.0,2265.2553314567235,35.0,2266.5845
134442315,59262493,1,3.0,2,41863713,35.0,2279.8760625570567,35.0,2281.2053
134424573,59253622,0,1.0,2,41863713,35.0,2271.8601278304645,35.0,2262.597
134412717,59247694,1,4.0,2,41863713,35.0,2287.6769945998362,35.0,2289.006
134404569,59243621,0,3.0,2,41863713,35.0,2306.1611199626395,35.0,2307.4902
134443061,59262868,0,5.0,2,41863713,35.0,2281.205208828052,35.0,2282.5344
134439356,59261013,1,5.0,2,41863713,35.0,2274.5594774730753,35.0,2275.8887
134447529,59265099,1,4.0,2,41863713,35.0,2277.260018800911,35.0,2278.589
134405311,59243991,0,5.0,2,41863713,35.0,2307.490266233635,35.0,2308.8193
134463893,59273282,0,3.0,2,41863713,35.0,2264.09224312098,35.0,2265.4214
134443812,59263240,1,3.0,2,41863713,35.0,2282.5343550990474,35.0,2283.8635
134440098,59261384,1,5.0,2,41863713,35.0,2275.8886237440706,35.0,2277.2178
134458689,59270679,1,3.0,2,41863713,35.0,2265.380104162335,35.0,2266.7097
134406055,59244362,1,3.0,2,41863713,35.0,2308.8194125046302,35.0,2310.1484
134448273,59265470,0,3.0,2,41863713,35.0,2278.5891650719063,35.0,2279.9182
134464636,59273650,1,2.0,2,41863713,35.0,2265.4213893919755,35.0,2256.1582
134440836,59261755,0,5.0,2,41863713,35.0,2277.217770015066,35.0,2278.5469
134459436,59271053,1,5.0,2,41863713,35.0,2266.709595752361,35.0,2268.0388
134454223,59268448,0,4.0,2,41863713,35.0,2271.984900536076,35.0,2273.314
134444553,59263612,0,5.0,2,41863713,35.0,2283.8635013700427,35.0,2285.1926
134406788,59244732,0,1.0,2,41863713,35.0,2310.1485587756256,35.0,2300.8855
134460169,59271421,0,3.0,2,41863713,35.0,2268.0387420233565,35.0,2269.368
134445302,59263986,1,2.0,2,41863713,35.0,2285.192647641038,35.0,2275.9294
134466119,59274396,0,5.0,2,41863713,35.0,2256.1583004762438,35.0,2257.4875
134407543,59245102,0,1.0,2,41863713,35.0,2300.885469859894,35.0,2291.6223
134460918,59271794,1,3.0,2,41863713,35.0,2269.367888294352,35.0,2270.697
134446042,59264357,1,5.0,2,41863713,35.0,2275.9295587253064,35.0,2277.26
134450504,59266588,1,5.0,2,41863713,35.0,2279.9183113429017,35.0,2281.248
134456457,59269564,0,0.0,2,41863713,35.0,2273.3140468070715,35.0,2264.051
134461655,59272164,0,0.0,2,41863713,35.0,2270.697034565347,35.0,2261.4338
134462406,59272537,1,5.0,2,41863713,35.0,2261.4339456496155,35.0,2262.7632
134451994,59267334,1,1.0,2,41863713,35.0,2281.247989451808,35.0,2271.9849
134457206,59269936,1,3.0,2,41863713,35.0,2264.0509578913397,35.0,2265.3801
134468349,59275510,0,3.0,2,41863713,35.0,2257.487446747239,35.0,2258.8167
134463152,59272911,1,4.0,2,41863713,35.0,2262.763096849985,35.0,2264.0923
134502574,59292620,1,3.0,2,41863713,35.0,2253.540942915489,35.0,2254.87
134482497,59282584,1,3.0,2,41863713,35.0,2258.8165930182345,35.0,2260.1458
134509280,59295976,1,3.0,2,41863713,35.0,2245.6070002707525,35.0,2246.936
134492893,59287787,0,2.0,2,41863713,35.0,2260.14573928923,35.0,2250.8826
134504809,59293740,0,2.0,2,41863713,35.0,2254.870089186484,35.0,2245.607
134498857,59290765,1,4.0,2,41863713,35.0,2250.882650373498,35.0,2252.212
134510766,59296719,1,2.0,2,41863713,35.0,2246.936146541748,35.0,2237.673
134501088,59291879,1,4.0,2,41863713,35.0,2252.2117966444935,35.0,2253.541
